user_id,session_id,timestamp,event_type,value
U01,U01_S1,1788100031,template_used,1
U01,U01_S1,1788100031,syntax_error,1
U01,U01_S1,1788100031,filter_run,37.7
U01,U01_S1,1788100120,filter_run,47.0
U01,U01_S1,1788100160,semantic_error,1
U01,U01_S1,1788100160,filter_run,57.4
U01,U01_S1,1788100224,filter_run,56.0
U01,U01_S1,1788100292,help_open,1
U01,U01_S1,1788100292,filter_run,48.9
U01,U01_S1,1788100320,help_open,1
U01,U01_S1,1788100320,complex_filter,1
U01,U01_S1,1788100320,filter_run,58.7
U01,U01_S1,1788100369,filter_run,58.6
U01,U01_S1,1788100423,semantic_error,1
U01,U01_S1,1788100423,filter_run,61.9
U01,U01_S1,1788100474,help_open,1
U01,U01_S1,1788100474,filter_run,38.2
U01,U01_S1,1788100501,help_open,1
U01,U01_S1,1788100501,template_used,1
U01,U01_S1,1788100501,filter_run,47.7
U01,U01_S1,1788100548,filter_run,31.2
U01,U01_S1,1788100626,help_open,1
U01,U01_S1,1788100626,filter_run,53.5
U01,U01_S1,1788100700,filter_run,48.7
U01,U01_S1,1788100726,semantic_error,1
U01,U01_S1,1788100726,filter_run,53.1
U01,U01_S2,1788100794,filter_run,64.8
U01,U01_S2,1788100828,filter_run,44.0
U01,U01_S2,1788100862,semantic_error,1
U01,U01_S2,1788100862,filter_run,67.5
U01,U01_S2,1788100946,filter_run,46.6
U01,U01_S2,1788100991,help_open,1
U01,U01_S2,1788100991,filter_run,49.4
U01,U01_S2,1788101052,filter_run,49.7
U01,U01_S2,1788101111,help_open,1
U01,U01_S2,1788101111,complex_filter,1
U01,U01_S2,1788101111,filter_run,47.5
U01,U01_S2,1788101199,filter_run,30.2
U01,U01_S2,1788101252,filter_run,50.3
U01,U01_S2,1788101311,filter_run,33.4
U01,U01_S2,1788101388,help_open,1
U01,U01_S2,1788101388,filter_run,50.7
U01,U01_S2,1788101417,syntax_error,1
U01,U01_S2,1788101417,filter_run,57.2
U01,U01_S2,1788101502,help_open,1
U01,U01_S2,1788101502,filter_run,62.5
U01,U01_S3,1788101553,complex_filter,1
U01,U01_S3,1788101553,filter_run,40.7
U01,U01_S3,1788101628,complex_filter,1
U01,U01_S3,1788101628,filter_run,37.4
U01,U01_S3,1788101655,filter_run,33.5
U01,U01_S3,1788101699,filter_run,49.1
U01,U01_S3,1788101789,help_open,1
U01,U01_S3,1788101789,complex_filter,1
U01,U01_S3,1788101789,filter_run,43.1
U01,U01_S3,1788101820,filter_run,48.6
U01,U01_S3,1788101847,help_open,1
U01,U01_S3,1788101847,template_used,1
U01,U01_S3,1788101847,filter_run,56.7
U01,U01_S3,1788101925,filter_run,39.7
U01,U01_S3,1788101969,filter_run,35.7
U01,U01_S3,1788102029,help_open,1
U01,U01_S3,1788102029,filter_run,61.1
U01,U01_S3,1788102059,semantic_error,1
U01,U01_S3,1788102059,filter_run,68.8
U01,U01_S3,1788102110,template_used,1
U01,U01_S3,1788102110,semantic_error,1
U01,U01_S3,1788102110,filter_run,42.8
U01,U01_S3,1788102170,filter_run,53.7
U01,U01_S4,1788102199,help_open,1
U01,U01_S4,1788102199,complex_filter,1
U01,U01_S4,1788102199,filter_run,30.2
U01,U01_S4,1788102235,filter_run,39.6
U01,U01_S4,1788102275,filter_run,47.1
U01,U01_S4,1788102365,filter_run,30.3
U01,U01_S4,1788102399,filter_run,44.9
U01,U01_S4,1788102452,complex_filter,1
U01,U01_S4,1788102452,filter_run,52.0
U01,U01_S4,1788102526,filter_run,48.8
U01,U01_S4,1788102602,syntax_error,1
U01,U01_S4,1788102602,filter_run,41.7
U01,U01_S4,1788102641,filter_run,48.9
U01,U01_S4,1788102666,complex_filter,1
U01,U01_S4,1788102666,filter_run,49.1
U01,U01_S4,1788102738,filter_run,52.5
U01,U01_S4,1788102780,template_used,1
U01,U01_S4,1788102780,filter_run,58.8
U02,U02_S1,1788200068,semantic_error,1
U02,U02_S1,1788200068,filter_run,56.7
U02,U02_S1,1788200117,help_open,1
U02,U02_S1,1788200117,filter_run,86.2
U02,U02_S1,1788200145,filter_run,80.4
U02,U02_S1,1788200168,help_open,1
U02,U02_S1,1788200168,semantic_error,1
U02,U02_S1,1788200168,filter_run,62.7
U02,U02_S1,1788200201,filter_run,70.9
U02,U02_S1,1788200245,help_open,1
U02,U02_S1,1788200245,semantic_error,1
U02,U02_S1,1788200245,filter_run,63.9
U02,U02_S1,1788200290,help_open,1
U02,U02_S1,1788200290,filter_run,54.7
U02,U02_S1,1788200348,semantic_error,1
U02,U02_S1,1788200348,filter_run,87.6
U02,U02_S1,1788200392,help_open,1
U02,U02_S1,1788200392,filter_run,56.4
U02,U02_S1,1788200482,semantic_error,1
U02,U02_S1,1788200482,filter_run,57.3
U02,U02_S2,1788200561,filter_run,79.9
U02,U02_S2,1788200591,help_open,1
U02,U02_S2,1788200591,filter_run,54.2
U02,U02_S2,1788200641,syntax_error,1
U02,U02_S2,1788200641,filter_run,34.6
U02,U02_S2,1788200670,filter_run,63.4
U02,U02_S2,1788200739,complex_filter,1
U02,U02_S2,1788200739,filter_run,59.6
U02,U02_S2,1788200772,filter_run,37.3
U02,U02_S2,1788200851,help_open,1
U02,U02_S2,1788200851,filter_run,65.5
U02,U02_S2,1788200911,filter_run,41.3
U02,U02_S2,1788200995,filter_run,68.6
U02,U02_S2,1788201046,filter_run,48.7
U02,U02_S2,1788201096,help_open,1
U02,U02_S2,1788201096,syntax_error,1
U02,U02_S2,1788201096,filter_run,52.6
U02,U02_S2,1788201145,help_open,1
U02,U02_S2,1788201145,syntax_error,1
U02,U02_S2,1788201145,filter_run,57.7
U02,U02_S3,1788201218,help_open,1
U02,U02_S3,1788201218,filter_run,56.8
U02,U02_S3,1788201286,syntax_error,1
U02,U02_S3,1788201286,filter_run,53.5
U02,U02_S3,1788201359,filter_run,44.1
U02,U02_S3,1788201441,help_open,1
U02,U02_S3,1788201441,filter_run,55.1
U02,U02_S3,1788201482,filter_run,68.8
U02,U02_S3,1788201505,help_open,1
U02,U02_S3,1788201505,filter_run,44.8
U02,U02_S3,1788201558,filter_run,38.7
U02,U02_S3,1788201631,help_open,1
U02,U02_S3,1788201631,syntax_error,1
U02,U02_S3,1788201631,filter_run,69.2
U02,U02_S3,1788201695,help_open,1
U02,U02_S3,1788201695,complex_filter,1
U02,U02_S3,1788201695,filter_run,63.9
U02,U02_S3,1788201717,filter_run,56.3
U02,U02_S3,1788201764,filter_run,74.4
U02,U02_S3,1788201804,syntax_error,1
U02,U02_S3,1788201804,filter_run,49.7
U02,U02_S3,1788201872,semantic_error,1
U02,U02_S3,1788201872,filter_run,72.2
U02,U02_S4,1788201907,syntax_error,1
U02,U02_S4,1788201907,filter_run,62.6
U02,U02_S4,1788201935,filter_run,75.2
U02,U02_S4,1788202013,filter_run,69.5
U02,U02_S4,1788202067,filter_run,57.2
U02,U02_S4,1788202128,semantic_error,1
U02,U02_S4,1788202128,filter_run,33.9
U02,U02_S4,1788202207,filter_run,42.5
U02,U02_S4,1788202272,filter_run,62.6
U02,U02_S4,1788202327,syntax_error,1
U02,U02_S4,1788202327,filter_run,40.3
U02,U02_S4,1788202407,filter_run,46.0
U02,U02_S4,1788202455,filter_run,38.1
U02,U02_S4,1788202545,help_open,1
U02,U02_S4,1788202545,syntax_error,1
U02,U02_S4,1788202545,filter_run,45.4
U02,U02_S4,1788202589,help_open,1
U02,U02_S4,1788202589,filter_run,56.9
U02,U02_S4,1788202644,filter_run,69.0
U02,U02_S4,1788202676,filter_run,47.5
U02,U02_S4,1788202701,filter_run,42.8
U03,U03_S1,1788300026,help_open,1
U03,U03_S1,1788300026,syntax_error,1
U03,U03_S1,1788300026,filter_run,45.4
U03,U03_S1,1788300065,help_open,1
U03,U03_S1,1788300065,filter_run,53.3
U03,U03_S1,1788300100,filter_run,64.1
U03,U03_S1,1788300176,help_open,1
U03,U03_S1,1788300176,filter_run,50.1
U03,U03_S1,1788300203,filter_run,66.6
U03,U03_S1,1788300243,help_open,1
U03,U03_S1,1788300243,syntax_error,1
U03,U03_S1,1788300243,filter_run,79.9
U03,U03_S1,1788300323,help_open,1
U03,U03_S1,1788300323,filter_run,44.0
U03,U03_S1,1788300376,filter_run,67.5
U03,U03_S1,1788300450,help_open,1
U03,U03_S1,1788300450,syntax_error,1
U03,U03_S1,1788300450,filter_run,82.7
U03,U03_S1,1788300506,filter_run,70.2
U03,U03_S1,1788300560,syntax_error,1
U03,U03_S1,1788300560,filter_run,58.0
U03,U03_S2,1788300609,filter_run,67.9
U03,U03_S2,1788300663,syntax_error,1
U03,U03_S2,1788300663,filter_run,52.0
U03,U03_S2,1788300738,syntax_error,1
U03,U03_S2,1788300738,filter_run,101.1
U03,U03_S2,1788300771,filter_run,80.9
U03,U03_S2,1788300861,help_open,1
U03,U03_S2,1788300861,syntax_error,1
U03,U03_S2,1788300861,filter_run,51.7
U03,U03_S2,1788300946,template_used,1
U03,U03_S2,1788300946,filter_run,73.6
U03,U03_S2,1788301029,syntax_error,1
U03,U03_S2,1788301029,filter_run,64.4
U03,U03_S2,1788301105,semantic_error,1
U03,U03_S2,1788301105,filter_run,56.7
U03,U03_S2,1788301126,filter_run,49.0
U03,U03_S2,1788301205,semantic_error,1
U03,U03_S2,1788301205,filter_run,55.8
U03,U03_S3,1788301285,help_open,1
U03,U03_S3,1788301285,filter_run,44.3
U03,U03_S3,1788301370,semantic_error,1
U03,U03_S3,1788301370,filter_run,45.0
U03,U03_S3,1788301424,filter_run,75.2
U03,U03_S3,1788301506,filter_run,57.7
U03,U03_S3,1788301567,syntax_error,1
U03,U03_S3,1788301567,filter_run,44.6
U03,U03_S3,1788301639,help_open,1
U03,U03_S3,1788301639,filter_run,42.8
U03,U03_S3,1788301678,template_used,1
U03,U03_S3,1788301678,filter_run,68.7
U03,U03_S3,1788301710,filter_run,54.5
U03,U03_S3,1788301749,help_open,1
U03,U03_S3,1788301749,semantic_error,1
U03,U03_S3,1788301749,filter_run,44.1
U03,U03_S3,1788301779,filter_run,48.6
U03,U03_S3,1788301861,template_used,1
U03,U03_S3,1788301861,semantic_error,1
U03,U03_S3,1788301861,filter_run,74.8
U03,U03_S3,1788301910,semantic_error,1
U03,U03_S3,1788301910,filter_run,38.7
U03,U03_S3,1788301933,help_open,1
U03,U03_S3,1788301933,filter_run,63.3
U03,U03_S4,1788301984,filter_run,76.1
U03,U03_S4,1788302034,semantic_error,1
U03,U03_S4,1788302034,filter_run,65.9
U03,U03_S4,1788302055,filter_run,80.7
U03,U03_S4,1788302113,semantic_error,1
U03,U03_S4,1788302113,filter_run,67.3
U03,U03_S4,1788302182,filter_run,48.5
U03,U03_S4,1788302204,filter_run,72.4
U03,U03_S4,1788302230,filter_run,55.4
U03,U03_S4,1788302295,help_open,1
U03,U03_S4,1788302295,semantic_error,1
U03,U03_S4,1788302295,filter_run,45.1
U03,U03_S4,1788302332,filter_run,38.7
U03,U03_S4,1788302368,help_open,1
U03,U03_S4,1788302368,filter_run,59.9
U03,U03_S4,1788302404,filter_run,52.9
U04,U04_S1,1788400029,help_open,1
U04,U04_S1,1788400029,filter_run,71.5
U04,U04_S1,1788400099,semantic_error,1
U04,U04_S1,1788400099,complex_filter,1
U04,U04_S1,1788400099,filter_run,50.2
U04,U04_S1,1788400152,complex_filter,1
U04,U04_S1,1788400152,filter_run,60.7
U04,U04_S1,1788400201,filter_run,49.7
U04,U04_S1,1788400280,filter_run,52.1
U04,U04_S1,1788400304,semantic_error,1
U04,U04_S1,1788400304,filter_run,45.7
U04,U04_S1,1788400393,syntax_error,1
U04,U04_S1,1788400393,complex_filter,1
U04,U04_S1,1788400393,filter_run,69.4
U04,U04_S1,1788400475,semantic_error,1
U04,U04_S1,1788400475,filter_run,55.1
U04,U04_S1,1788400541,help_open,1
U04,U04_S1,1788400541,filter_run,67.1
U04,U04_S1,1788400606,help_open,1
U04,U04_S1,1788400606,filter_run,66.4
U04,U04_S1,1788400653,semantic_error,1
U04,U04_S1,1788400653,filter_run,58.9
U04,U04_S1,1788400689,filter_run,43.9
U04,U04_S1,1788400738,complex_filter,1
U04,U04_S1,1788400738,filter_run,51.8
U04,U04_S2,1788400774,semantic_error,1
U04,U04_S2,1788400774,filter_run,44.6
U04,U04_S2,1788400835,help_open,1
U04,U04_S2,1788400835,syntax_error,1
U04,U04_S2,1788400835,complex_filter,1
U04,U04_S2,1788400835,filter_run,76.3
U04,U04_S2,1788400863,complex_filter,1
U04,U04_S2,1788400863,filter_run,27.9
U04,U04_S2,1788400888,filter_run,58.0
U04,U04_S2,1788400911,help_open,1
U04,U04_S2,1788400911,filter_run,30.8
U04,U04_S2,1788400940,syntax_error,1
U04,U04_S2,1788400940,filter_run,60.5
U04,U04_S2,1788401030,filter_run,45.2
U04,U04_S2,1788401064,filter_run,58.3
U04,U04_S2,1788401111,filter_run,42.1
U04,U04_S2,1788401171,filter_run,71.0
U04,U04_S2,1788401251,help_open,1
U04,U04_S2,1788401251,syntax_error,1
U04,U04_S2,1788401251,filter_run,64.9
U04,U04_S3,1788401313,filter_run,38.5
U04,U04_S3,1788401387,filter_run,43.6
U04,U04_S3,1788401434,help_open,1
U04,U04_S3,1788401434,filter_run,67.1
U04,U04_S3,1788401501,help_open,1
U04,U04_S3,1788401501,syntax_error,1
U04,U04_S3,1788401501,filter_run,55.6
U04,U04_S3,1788401524,complex_filter,1
U04,U04_S3,1788401524,filter_run,35.9
U04,U04_S3,1788401578,syntax_error,1
U04,U04_S3,1788401578,filter_run,41.8
U04,U04_S3,1788401616,syntax_error,1
U04,U04_S3,1788401616,filter_run,48.4
U04,U04_S3,1788401694,filter_run,48.7
U04,U04_S3,1788401720,help_open,1
U04,U04_S3,1788401720,syntax_error,1
U04,U04_S3,1788401720,filter_run,51.4
U04,U04_S3,1788401794,semantic_error,1
U04,U04_S3,1788401794,complex_filter,1
U04,U04_S3,1788401794,filter_run,44.2
U04,U04_S3,1788401876,semantic_error,1
U04,U04_S3,1788401876,complex_filter,1
U04,U04_S3,1788401876,filter_run,58.1
U04,U04_S3,1788401922,syntax_error,1
U04,U04_S3,1788401922,filter_run,74.8
U04,U04_S3,1788401964,help_open,1
U04,U04_S3,1788401964,syntax_error,1
U04,U04_S3,1788401964,filter_run,54.7
U04,U04_S3,1788402029,help_open,1
U04,U04_S3,1788402029,syntax_error,1
U04,U04_S3,1788402029,filter_run,64.5
U04,U04_S4,1788402100,syntax_error,1
U04,U04_S4,1788402100,filter_run,35.7
U04,U04_S4,1788402178,semantic_error,1
U04,U04_S4,1788402178,filter_run,35.3
U04,U04_S4,1788402248,semantic_error,1
U04,U04_S4,1788402248,complex_filter,1
U04,U04_S4,1788402248,filter_run,40.2
U04,U04_S4,1788402282,filter_run,66.3
U04,U04_S4,1788402320,semantic_error,1
U04,U04_S4,1788402320,filter_run,43.7
U04,U04_S4,1788402349,help_open,1
U04,U04_S4,1788402349,filter_run,49.3
U04,U04_S4,1788402410,syntax_error,1
U04,U04_S4,1788402410,filter_run,34.6
U04,U04_S4,1788402468,complex_filter,1
U04,U04_S4,1788402468,filter_run,45.0
U04,U04_S4,1788402535,filter_run,49.3
U04,U04_S4,1788402619,filter_run,75.5
U04,U04_S4,1788402663,syntax_error,1
U04,U04_S4,1788402663,complex_filter,1
U04,U04_S4,1788402663,filter_run,55.6
U04,U04_S4,1788402726,complex_filter,1
U04,U04_S4,1788402726,filter_run,38.2
U04,U04_S4,1788402813,filter_run,10.6
U04,U04_S4,1788402885,semantic_error,1
U04,U04_S4,1788402885,filter_run,40.6
U05,U05_S1,1788500038,filter_run,53.4
U05,U05_S1,1788500074,filter_run,47.8
U05,U05_S1,1788500161,help_open,1
U05,U05_S1,1788500161,complex_filter,1
U05,U05_S1,1788500161,filter_run,28.2
U05,U05_S1,1788500220,help_open,1
U05,U05_S1,1788500220,filter_run,44.3
U05,U05_S1,1788500249,help_open,1
U05,U05_S1,1788500249,filter_run,48.3
U05,U05_S1,1788500336,help_open,1
U05,U05_S1,1788500336,filter_run,39.9
U05,U05_S1,1788500377,template_used,1
U05,U05_S1,1788500377,filter_run,47.3
U05,U05_S1,1788500453,filter_run,45.2
U05,U05_S1,1788500533,filter_run,66.3
U05,U05_S1,1788500609,help_open,1
U05,U05_S1,1788500609,filter_run,59.4
U05,U05_S2,1788500646,template_used,1
U05,U05_S2,1788500646,filter_run,39.6
U05,U05_S2,1788500679,syntax_error,1
U05,U05_S2,1788500679,filter_run,33.0
U05,U05_S2,1788500754,help_open,1
U05,U05_S2,1788500754,filter_run,46.3
U05,U05_S2,1788500777,help_open,1
U05,U05_S2,1788500777,filter_run,48.4
U05,U05_S2,1788500837,filter_run,46.0
U05,U05_S2,1788500874,help_open,1
U05,U05_S2,1788500874,filter_run,43.5
U05,U05_S2,1788500894,template_used,1
U05,U05_S2,1788500894,syntax_error,1
U05,U05_S2,1788500894,filter_run,33.2
U05,U05_S2,1788500981,help_open,1
U05,U05_S2,1788500981,filter_run,43.9
U05,U05_S2,1788501059,help_open,1
U05,U05_S2,1788501059,filter_run,55.4
U05,U05_S2,1788501144,complex_filter,1
U05,U05_S2,1788501144,filter_run,36.2
U05,U05_S2,1788501187,complex_filter,1
U05,U05_S2,1788501187,filter_run,52.1
U05,U05_S2,1788501274,complex_filter,1
U05,U05_S2,1788501274,filter_run,44.8
U05,U05_S2,1788501343,semantic_error,1
U05,U05_S2,1788501343,filter_run,41.1
U05,U05_S2,1788501376,complex_filter,1
U05,U05_S2,1788501376,filter_run,27.7
U05,U05_S3,1788501455,syntax_error,1
U05,U05_S3,1788501455,filter_run,37.8
U05,U05_S3,1788501533,help_open,1
U05,U05_S3,1788501533,filter_run,39.3
U05,U05_S3,1788501603,filter_run,49.2
U05,U05_S3,1788501647,help_open,1
U05,U05_S3,1788501647,semantic_error,1
U05,U05_S3,1788501647,filter_run,45.2
U05,U05_S3,1788501718,filter_run,33.4
U05,U05_S3,1788501801,filter_run,50.3
U05,U05_S3,1788501876,filter_run,46.9
U05,U05_S3,1788501906,help_open,1
U05,U05_S3,1788501906,filter_run,47.1
U05,U05_S3,1788501983,help_open,1
U05,U05_S3,1788501983,filter_run,50.5
U05,U05_S3,1788502038,semantic_error,1
U05,U05_S3,1788502038,filter_run,27.8
U05,U05_S3,1788502078,filter_run,41.1
U05,U05_S4,1788502114,help_open,1
U05,U05_S4,1788502114,filter_run,30.8
U05,U05_S4,1788502191,filter_run,36.8
U05,U05_S4,1788502278,help_open,1
U05,U05_S4,1788502278,filter_run,47.2
U05,U05_S4,1788502364,help_open,1
U05,U05_S4,1788502364,filter_run,42.6
U05,U05_S4,1788502441,help_open,1
U05,U05_S4,1788502441,filter_run,43.1
U05,U05_S4,1788502470,help_open,1
U05,U05_S4,1788502470,complex_filter,1
U05,U05_S4,1788502470,filter_run,46.2
U05,U05_S4,1788502530,filter_run,40.1
U05,U05_S4,1788502572,syntax_error,1
U05,U05_S4,1788502572,filter_run,46.5
U05,U05_S4,1788502655,help_open,1
U05,U05_S4,1788502655,filter_run,30.3
U05,U05_S4,1788502686,help_open,1
U05,U05_S4,1788502686,filter_run,37.8
U06,U06_S1,1788600086,filter_run,54.2
U06,U06_S1,1788600161,filter_run,65.7
U06,U06_S1,1788600219,help_open,1
U06,U06_S1,1788600219,filter_run,62.2
U06,U06_S1,1788600249,filter_run,37.7
U06,U06_S1,1788600307,filter_run,39.8
U06,U06_S1,1788600370,complex_filter,1
U06,U06_S1,1788600370,filter_run,41.9
U06,U06_S1,1788600395,syntax_error,1
U06,U06_S1,1788600395,filter_run,42.9
U06,U06_S1,1788600484,filter_run,43.1
U06,U06_S1,1788600555,syntax_error,1
U06,U06_S1,1788600555,filter_run,48.0
U06,U06_S1,1788600615,filter_run,56.2
U06,U06_S1,1788600686,help_open,1
U06,U06_S1,1788600686,filter_run,37.7
U06,U06_S1,1788600737,help_open,1
U06,U06_S1,1788600737,template_used,1
U06,U06_S1,1788600737,filter_run,46.0
U06,U06_S1,1788600810,syntax_error,1
U06,U06_S1,1788600810,filter_run,38.8
U06,U06_S2,1788600895,filter_run,58.2
U06,U06_S2,1788600965,syntax_error,1
U06,U06_S2,1788600965,complex_filter,1
U06,U06_S2,1788600965,filter_run,25.8
U06,U06_S2,1788601045,template_used,1
U06,U06_S2,1788601045,syntax_error,1
U06,U06_S2,1788601045,filter_run,44.8
U06,U06_S2,1788601111,filter_run,48.1
U06,U06_S2,1788601140,filter_run,54.9
U06,U06_S2,1788601175,help_open,1
U06,U06_S2,1788601175,filter_run,36.3
U06,U06_S2,1788601213,help_open,1
U06,U06_S2,1788601213,complex_filter,1
U06,U06_S2,1788601213,filter_run,41.2
U06,U06_S2,1788601250,filter_run,48.1
U06,U06_S2,1788601310,help_open,1
U06,U06_S2,1788601310,filter_run,41.2
U06,U06_S2,1788601373,filter_run,42.6
U06,U06_S2,1788601435,filter_run,44.5
U06,U06_S2,1788601458,filter_run,38.6
U06,U06_S2,1788601484,filter_run,41.2
U06,U06_S3,1788601522,filter_run,47.4
U06,U06_S3,1788601595,help_open,1
U06,U06_S3,1788601595,filter_run,52.9
U06,U06_S3,1788601675,syntax_error,1
U06,U06_S3,1788601675,filter_run,37.9
U06,U06_S3,1788601762,filter_run,55.6
U06,U06_S3,1788601851,filter_run,39.6
U06,U06_S3,1788601895,filter_run,32.4
U06,U06_S3,1788601953,filter_run,32.6
U06,U06_S3,1788602008,filter_run,45.4
U06,U06_S3,1788602078,filter_run,40.6
U06,U06_S3,1788602142,filter_run,57.6
U06,U06_S3,1788602230,syntax_error,1
U06,U06_S3,1788602230,filter_run,44.1
U06,U06_S3,1788602317,help_open,1
U06,U06_S3,1788602317,syntax_error,1
U06,U06_S3,1788602317,filter_run,46.8
U06,U06_S3,1788602354,help_open,1
U06,U06_S3,1788602354,filter_run,60.7
U06,U06_S4,1788602399,complex_filter,1
U06,U06_S4,1788602399,filter_run,36.3
U06,U06_S4,1788602430,filter_run,63.1
U06,U06_S4,1788602503,filter_run,48.3
U06,U06_S4,1788602573,filter_run,43.0
U06,U06_S4,1788602631,filter_run,46.0
U06,U06_S4,1788602720,syntax_error,1
U06,U06_S4,1788602720,filter_run,46.5
U06,U06_S4,1788602798,syntax_error,1
U06,U06_S4,1788602798,filter_run,36.1
U06,U06_S4,1788602842,help_open,1
U06,U06_S4,1788602842,filter_run,39.8
U06,U06_S4,1788602874,help_open,1
U06,U06_S4,1788602874,filter_run,43.2
U06,U06_S4,1788602927,syntax_error,1
U06,U06_S4,1788602927,filter_run,37.4
U06,U06_S4,1788602993,syntax_error,1
U06,U06_S4,1788602993,filter_run,40.5
U06,U06_S4,1788603077,filter_run,29.9
U06,U06_S4,1788603144,syntax_error,1
U06,U06_S4,1788603144,filter_run,27.4
U07,U07_S1,1788700051,filter_run,42.3
U07,U07_S1,1788700085,help_open,1
U07,U07_S1,1788700085,filter_run,50.3
U07,U07_S1,1788700124,help_open,1
U07,U07_S1,1788700124,filter_run,49.6
U07,U07_S1,1788700209,syntax_error,1
U07,U07_S1,1788700209,filter_run,40.3
U07,U07_S1,1788700288,syntax_error,1
U07,U07_S1,1788700288,complex_filter,1
U07,U07_S1,1788700288,filter_run,52.9
U07,U07_S1,1788700362,filter_run,56.0
U07,U07_S1,1788700390,filter_run,61.9
U07,U07_S1,1788700463,filter_run,63.3
U07,U07_S1,1788700531,filter_run,46.6
U07,U07_S1,1788700573,semantic_error,1
U07,U07_S1,1788700573,filter_run,44.1
U07,U07_S1,1788700595,filter_run,46.6
U07,U07_S2,1788700659,help_open,1
U07,U07_S2,1788700659,filter_run,53.8
U07,U07_S2,1788700683,filter_run,55.6
U07,U07_S2,1788700715,filter_run,49.3
U07,U07_S2,1788700766,syntax_error,1
U07,U07_S2,1788700766,filter_run,60.2
U07,U07_S2,1788700823,help_open,1
U07,U07_S2,1788700823,filter_run,52.9
U07,U07_S2,1788700884,help_open,1
U07,U07_S2,1788700884,filter_run,41.5
U07,U07_S2,1788700926,filter_run,52.9
U07,U07_S2,1788700994,filter_run,36.2
U07,U07_S2,1788701074,help_open,1
U07,U07_S2,1788701074,filter_run,60.8
U07,U07_S2,1788701153,filter_run,53.8
U07,U07_S2,1788701199,filter_run,54.4
U07,U07_S2,1788701287,filter_run,31.7
U07,U07_S2,1788701331,filter_run,35.8
U07,U07_S3,1788701393,syntax_error,1
U07,U07_S3,1788701393,filter_run,44.8
U07,U07_S3,1788701444,filter_run,27.7
U07,U07_S3,1788701505,filter_run,44.2
U07,U07_S3,1788701588,filter_run,57.6
U07,U07_S3,1788701648,filter_run,46.2
U07,U07_S3,1788701701,filter_run,50.9
U07,U07_S3,1788701746,filter_run,36.2
U07,U07_S3,1788701798,filter_run,32.1
U07,U07_S3,1788701876,help_open,1
U07,U07_S3,1788701876,semantic_error,1
U07,U07_S3,1788701876,filter_run,56.4
U07,U07_S3,1788701903,semantic_error,1
U07,U07_S3,1788701903,complex_filter,1
U07,U07_S3,1788701903,filter_run,38.7
U07,U07_S3,1788701923,semantic_error,1
U07,U07_S3,1788701923,complex_filter,1
U07,U07_S3,1788701923,filter_run,35.1
U07,U07_S4,1788702004,template_used,1
U07,U07_S4,1788702004,filter_run,41.3
U07,U07_S4,1788702026,complex_filter,1
U07,U07_S4,1788702026,filter_run,47.7
U07,U07_S4,1788702068,help_open,1
U07,U07_S4,1788702068,syntax_error,1
U07,U07_S4,1788702068,filter_run,27.3
U07,U07_S4,1788702133,help_open,1
U07,U07_S4,1788702133,filter_run,12.6
U07,U07_S4,1788702181,semantic_error,1
U07,U07_S4,1788702181,filter_run,29.1
U07,U07_S4,1788702205,help_open,1
U07,U07_S4,1788702205,complex_filter,1
U07,U07_S4,1788702205,filter_run,48.1
U07,U07_S4,1788702288,filter_run,42.1
U07,U07_S4,1788702320,filter_run,36.9
U07,U07_S4,1788702374,help_open,1
U07,U07_S4,1788702374,filter_run,29.1
U07,U07_S4,1788702398,help_open,1
U07,U07_S4,1788702398,syntax_error,1
U07,U07_S4,1788702398,filter_run,50.0
U07,U07_S4,1788702427,filter_run,24.3
U07,U07_S4,1788702516,semantic_error,1
U07,U07_S4,1788702516,filter_run,13.5
U07,U07_S4,1788702542,help_open,1
U07,U07_S4,1788702542,semantic_error,1
U07,U07_S4,1788702542,filter_run,41.5
U07,U07_S4,1788702612,filter_run,34.6
U08,U08_S1,1788800051,semantic_error,1
U08,U08_S1,1788800051,filter_run,52.2
U08,U08_S1,1788800120,help_open,1
U08,U08_S1,1788800120,syntax_error,1
U08,U08_S1,1788800120,filter_run,49.4
U08,U08_S1,1788800163,filter_run,55.3
U08,U08_S1,1788800194,help_open,1
U08,U08_S1,1788800194,filter_run,43.8
U08,U08_S1,1788800263,filter_run,55.5
U08,U08_S1,1788800314,filter_run,46.4
U08,U08_S1,1788800342,help_open,1
U08,U08_S1,1788800342,filter_run,61.1
U08,U08_S1,1788800408,help_open,1
U08,U08_S1,1788800408,filter_run,51.6
U08,U08_S1,1788800466,help_open,1
U08,U08_S1,1788800466,filter_run,54.5
U08,U08_S1,1788800528,filter_run,43.0
U08,U08_S1,1788800573,filter_run,45.3
U08,U08_S1,1788800655,filter_run,52.2
U08,U08_S2,1788800700,filter_run,36.9
U08,U08_S2,1788800779,filter_run,63.8
U08,U08_S2,1788800851,filter_run,54.3
U08,U08_S2,1788800890,semantic_error,1
U08,U08_S2,1788800890,filter_run,36.5
U08,U08_S2,1788800963,filter_run,53.1
U08,U08_S2,1788801051,syntax_error,1
U08,U08_S2,1788801051,filter_run,53.1
U08,U08_S2,1788801122,filter_run,58.1
U08,U08_S2,1788801154,help_open,1
U08,U08_S2,1788801154,filter_run,36.5
U08,U08_S2,1788801224,filter_run,41.2
U08,U08_S2,1788801247,complex_filter,1
U08,U08_S2,1788801247,filter_run,54.1
U08,U08_S2,1788801311,help_open,1
U08,U08_S2,1788801311,syntax_error,1
U08,U08_S2,1788801311,filter_run,32.0
U08,U08_S2,1788801387,syntax_error,1
U08,U08_S2,1788801387,filter_run,55.3
U08,U08_S2,1788801420,filter_run,47.5
U08,U08_S2,1788801462,filter_run,50.3
U08,U08_S3,1788801537,filter_run,28.8
U08,U08_S3,1788801611,semantic_error,1
U08,U08_S3,1788801611,filter_run,46.6
U08,U08_S3,1788801699,help_open,1
U08,U08_S3,1788801699,filter_run,44.1
U08,U08_S3,1788801781,filter_run,34.4
U08,U08_S3,1788801859,filter_run,37.5
U08,U08_S3,1788801889,filter_run,38.4
U08,U08_S3,1788801958,filter_run,46.3
U08,U08_S3,1788802046,filter_run,36.8
U08,U08_S3,1788802106,filter_run,42.7
U08,U08_S3,1788802188,help_open,1
U08,U08_S3,1788802188,filter_run,27.1
U08,U08_S3,1788802261,syntax_error,1
U08,U08_S3,1788802261,filter_run,42.8
U08,U08_S4,1788802318,help_open,1
U08,U08_S4,1788802318,filter_run,22.7
U08,U08_S4,1788802401,semantic_error,1
U08,U08_S4,1788802401,filter_run,31.5
U08,U08_S4,1788802467,filter_run,40.5
U08,U08_S4,1788802518,filter_run,48.8
U08,U08_S4,1788802549,filter_run,43.4
U08,U08_S4,1788802613,filter_run,26.1
U08,U08_S4,1788802659,filter_run,33.5
U08,U08_S4,1788802716,filter_run,35.0
U08,U08_S4,1788802748,help_open,1
U08,U08_S4,1788802748,complex_filter,1
U08,U08_S4,1788802748,filter_run,35.9
U08,U08_S4,1788802784,help_open,1
U08,U08_S4,1788802784,filter_run,52.8
U08,U08_S4,1788802854,filter_run,24.9
U09,U09_S1,1788900061,complex_filter,1
U09,U09_S1,1788900061,filter_run,67.9
U09,U09_S1,1788900139,filter_run,36.3
U09,U09_S1,1788900186,filter_run,82.3
U09,U09_S1,1788900222,filter_run,68.1
U09,U09_S1,1788900300,help_open,1
U09,U09_S1,1788900300,syntax_error,1
U09,U09_S1,1788900300,filter_run,64.3
U09,U09_S1,1788900374,help_open,1
U09,U09_S1,1788900374,semantic_error,1
U09,U09_S1,1788900374,filter_run,71.7
U09,U09_S1,1788900440,help_open,1
U09,U09_S1,1788900440,filter_run,58.5
U09,U09_S1,1788900510,filter_run,67.3
U09,U09_S1,1788900557,filter_run,65.6
U09,U09_S1,1788900578,help_open,1
U09,U09_S1,1788900578,semantic_error,1
U09,U09_S1,1788900578,filter_run,53.7
U09,U09_S1,1788900609,filter_run,63.9
U09,U09_S1,1788900646,filter_run,60.5
U09,U09_S1,1788900667,filter_run,58.4
U09,U09_S2,1788900706,filter_run,65.8
U09,U09_S2,1788900741,filter_run,56.1
U09,U09_S2,1788900778,help_open,1
U09,U09_S2,1788900778,filter_run,58.4
U09,U09_S2,1788900801,filter_run,50.2
U09,U09_S2,1788900886,help_open,1
U09,U09_S2,1788900886,filter_run,62.8
U09,U09_S2,1788900955,help_open,1
U09,U09_S2,1788900955,filter_run,51.4
U09,U09_S2,1788900976,semantic_error,1
U09,U09_S2,1788900976,filter_run,47.7
U09,U09_S2,1788901056,syntax_error,1
U09,U09_S2,1788901056,filter_run,74.5
U09,U09_S2,1788901081,filter_run,55.3
U09,U09_S2,1788901155,filter_run,39.5
U09,U09_S2,1788901210,help_open,1
U09,U09_S2,1788901210,filter_run,66.5
U09,U09_S2,1788901238,filter_run,69.5
U09,U09_S2,1788901289,help_open,1
U09,U09_S2,1788901289,filter_run,52.8
U09,U09_S2,1788901331,help_open,1
U09,U09_S2,1788901331,filter_run,79.5
U09,U09_S2,1788901395,filter_run,75.5
U09,U09_S3,1788901430,template_used,1
U09,U09_S3,1788901430,filter_run,73.6
U09,U09_S3,1788901458,help_open,1
U09,U09_S3,1788901458,filter_run,53.8
U09,U09_S3,1788901499,syntax_error,1
U09,U09_S3,1788901499,filter_run,57.7
U09,U09_S3,1788901548,template_used,1
U09,U09_S3,1788901548,complex_filter,1
U09,U09_S3,1788901548,filter_run,69.4
U09,U09_S3,1788901587,help_open,1
U09,U09_S3,1788901587,semantic_error,1
U09,U09_S3,1788901587,filter_run,61.4
U09,U09_S3,1788901660,help_open,1
U09,U09_S3,1788901660,filter_run,65.5
U09,U09_S3,1788901695,semantic_error,1
U09,U09_S3,1788901695,filter_run,43.5
U09,U09_S3,1788901766,help_open,1
U09,U09_S3,1788901766,filter_run,50.6
U09,U09_S3,1788901787,filter_run,72.0
U09,U09_S3,1788901838,filter_run,67.0
U09,U09_S3,1788901889,help_open,1
U09,U09_S3,1788901889,syntax_error,1
U09,U09_S3,1788901889,filter_run,83.3
U09,U09_S3,1788901910,template_used,1
U09,U09_S3,1788901910,filter_run,57.1
U09,U09_S4,1788901960,filter_run,49.9
U09,U09_S4,1788902015,help_open,1
U09,U09_S4,1788902015,filter_run,52.0
U09,U09_S4,1788902045,filter_run,44.2
U09,U09_S4,1788902072,filter_run,46.7
U09,U09_S4,1788902133,syntax_error,1
U09,U09_S4,1788902133,filter_run,76.3
U09,U09_S4,1788902166,help_open,1
U09,U09_S4,1788902166,filter_run,24.1
U09,U09_S4,1788902212,complex_filter,1
U09,U09_S4,1788902212,filter_run,48.4
U09,U09_S4,1788902270,semantic_error,1
U09,U09_S4,1788902270,filter_run,63.6
U09,U09_S4,1788902335,template_used,1
U09,U09_S4,1788902335,filter_run,60.8
U09,U09_S4,1788902377,help_open,1
U09,U09_S4,1788902377,filter_run,55.7
U09,U09_S4,1788902414,help_open,1
U09,U09_S4,1788902414,filter_run,69.6
U09,U09_S4,1788902459,filter_run,47.2
U09,U09_S4,1788902488,help_open,1
U09,U09_S4,1788902488,filter_run,50.9
U09,U09_S4,1788902524,help_open,1
U09,U09_S4,1788902524,complex_filter,1
U09,U09_S4,1788902524,filter_run,59.4
U10,U10_S1,1789000047,filter_run,62.8
U10,U10_S1,1789000098,filter_run,75.1
U10,U10_S1,1789000171,help_open,1
U10,U10_S1,1789000171,filter_run,70.9
U10,U10_S1,1789000260,filter_run,50.1
U10,U10_S1,1789000344,help_open,1
U10,U10_S1,1789000344,syntax_error,1
U10,U10_S1,1789000344,complex_filter,1
U10,U10_S1,1789000344,filter_run,60.2
U10,U10_S1,1789000399,help_open,1
U10,U10_S1,1789000399,filter_run,99.0
U10,U10_S1,1789000431,help_open,1
U10,U10_S1,1789000431,filter_run,64.2
U10,U10_S1,1789000458,filter_run,41.3
U10,U10_S1,1789000500,help_open,1
U10,U10_S1,1789000500,filter_run,83.7
U10,U10_S1,1789000523,filter_run,87.5
U10,U10_S1,1789000606,syntax_error,1
U10,U10_S1,1789000606,filter_run,56.5
U10,U10_S1,1789000628,template_used,1
U10,U10_S1,1789000628,filter_run,78.2
U10,U10_S2,1789000655,help_open,1
U10,U10_S2,1789000655,filter_run,76.5
U10,U10_S2,1789000742,filter_run,56.8
U10,U10_S2,1789000800,help_open,1
U10,U10_S2,1789000800,filter_run,65.2
U10,U10_S2,1789000882,filter_run,81.9
U10,U10_S2,1789000930,filter_run,51.8
U10,U10_S2,1789000987,help_open,1
U10,U10_S2,1789000987,filter_run,29.4
U10,U10_S2,1789001011,help_open,1
U10,U10_S2,1789001011,filter_run,87.6
U10,U10_S2,1789001044,filter_run,69.3
U10,U10_S2,1789001075,filter_run,60.7
U10,U10_S2,1789001096,help_open,1
U10,U10_S2,1789001096,syntax_error,1
U10,U10_S2,1789001096,filter_run,74.2
U10,U10_S2,1789001169,filter_run,61.6
U10,U10_S2,1789001258,filter_run,62.0
U10,U10_S3,1789001287,template_used,1
U10,U10_S3,1789001287,syntax_error,1
U10,U10_S3,1789001287,filter_run,49.6
U10,U10_S3,1789001350,help_open,1
U10,U10_S3,1789001350,filter_run,63.4
U10,U10_S3,1789001431,filter_run,55.4
U10,U10_S3,1789001506,help_open,1
U10,U10_S3,1789001506,syntax_error,1
U10,U10_S3,1789001506,filter_run,55.2
U10,U10_S3,1789001559,syntax_error,1
U10,U10_S3,1789001559,filter_run,38.3
U10,U10_S3,1789001641,help_open,1
U10,U10_S3,1789001641,filter_run,49.7
U10,U10_S3,1789001686,help_open,1
U10,U10_S3,1789001686,filter_run,44.0
U10,U10_S3,1789001766,filter_run,55.8
U10,U10_S3,1789001855,filter_run,54.0
U10,U10_S3,1789001880,help_open,1
U10,U10_S3,1789001880,syntax_error,1
U10,U10_S3,1789001880,complex_filter,1
U10,U10_S3,1789001880,filter_run,59.1
U10,U10_S3,1789001910,filter_run,39.7
U10,U10_S3,1789001959,filter_run,33.6
U10,U10_S3,1789002039,filter_run,53.1
U10,U10_S4,1789002063,filter_run,51.3
U10,U10_S4,1789002140,help_open,1
U10,U10_S4,1789002140,filter_run,51.6
U10,U10_S4,1789002176,help_open,1
U10,U10_S4,1789002176,filter_run,59.3
U10,U10_S4,1789002229,complex_filter,1
U10,U10_S4,1789002229,filter_run,49.5
U10,U10_S4,1789002299,filter_run,76.0
U10,U10_S4,1789002385,syntax_error,1
U10,U10_S4,1789002385,filter_run,57.6
U10,U10_S4,1789002417,syntax_error,1
U10,U10_S4,1789002417,filter_run,48.7
U10,U10_S4,1789002486,filter_run,67.1
U10,U10_S4,1789002557,help_open,1
U10,U10_S4,1789002557,complex_filter,1
U10,U10_S4,1789002557,filter_run,64.9
U10,U10_S4,1789002607,help_open,1
U10,U10_S4,1789002607,filter_run,48.7
U10,U10_S4,1789002670,filter_run,54.1
U10,U10_S4,1789002719,help_open,1
U10,U10_S4,1789002719,filter_run,50.5
U10,U10_S4,1789002773,syntax_error,1
U10,U10_S4,1789002773,filter_run,43.7
U10,U10_S4,1789002859,filter_run,64.2
U10,U10_S4,1789002918,filter_run,48.8
U11,U11_S1,1789100055,filter_run,37.0
U11,U11_S1,1789100078,filter_run,29.3
U11,U11_S1,1789100142,filter_run,40.6
U11,U11_S1,1789100198,help_open,1
U11,U11_S1,1789100198,template_used,1
U11,U11_S1,1789100198,filter_run,40.2
U11,U11_S1,1789100246,complex_filter,1
U11,U11_S1,1789100246,filter_run,44.4
U11,U11_S1,1789100267,template_used,1
U11,U11_S1,1789100267,filter_run,40.8
U11,U11_S1,1789100326,filter_run,49.5
U11,U11_S1,1789100390,filter_run,31.6
U11,U11_S1,1789100410,filter_run,31.8
U11,U11_S1,1789100466,template_used,1
U11,U11_S1,1789100466,semantic_error,1
U11,U11_S1,1789100466,filter_run,42.9
U11,U11_S1,1789100524,complex_filter,1
U11,U11_S1,1789100524,filter_run,34.4
U11,U11_S2,1789100595,filter_run,43.6
U11,U11_S2,1789100668,filter_run,37.5
U11,U11_S2,1789100712,filter_run,19.3
U11,U11_S2,1789100777,filter_run,40.4
U11,U11_S2,1789100820,filter_run,21.5
U11,U11_S2,1789100882,filter_run,31.4
U11,U11_S2,1789100955,filter_run,42.8
U11,U11_S2,1789100984,filter_run,30.5
U11,U11_S2,1789101071,template_used,1
U11,U11_S2,1789101071,complex_filter,1
U11,U11_S2,1789101071,filter_run,40.1
U11,U11_S2,1789101149,complex_filter,1
U11,U11_S2,1789101149,filter_run,45.2
U11,U11_S2,1789101211,complex_filter,1
U11,U11_S2,1789101211,filter_run,35.7
U11,U11_S2,1789101252,template_used,1
U11,U11_S2,1789101252,filter_run,50.7
U11,U11_S2,1789101288,filter_run,36.0
U11,U11_S2,1789101333,filter_run,39.0
U11,U11_S3,1789101377,help_open,1
U11,U11_S3,1789101377,template_used,1
U11,U11_S3,1789101377,filter_run,41.0
U11,U11_S3,1789101410,filter_run,31.5
U11,U11_S3,1789101468,filter_run,25.3
U11,U11_S3,1789101505,complex_filter,1
U11,U11_S3,1789101505,filter_run,41.0
U11,U11_S3,1789101576,help_open,1
U11,U11_S3,1789101576,complex_filter,1
U11,U11_S3,1789101576,filter_run,45.4
U11,U11_S3,1789101611,semantic_error,1
U11,U11_S3,1789101611,filter_run,37.5
U11,U11_S3,1789101699,syntax_error,1
U11,U11_S3,1789101699,filter_run,39.9
U11,U11_S3,1789101775,complex_filter,1
U11,U11_S3,1789101775,filter_run,37.3
U11,U11_S3,1789101796,filter_run,32.9
U11,U11_S3,1789101829,filter_run,33.6
U11,U11_S3,1789101912,filter_run,39.8
U11,U11_S3,1789101969,filter_run,47.8
U11,U11_S3,1789102050,template_used,1
U11,U11_S3,1789102050,filter_run,42.1
U11,U11_S3,1789102089,semantic_error,1
U11,U11_S3,1789102089,filter_run,26.2
U11,U11_S4,1789102138,complex_filter,1
U11,U11_S4,1789102138,filter_run,40.9
U11,U11_S4,1789102195,complex_filter,1
U11,U11_S4,1789102195,filter_run,20.1
U11,U11_S4,1789102220,help_open,1
U11,U11_S4,1789102220,template_used,1
U11,U11_S4,1789102220,filter_run,50.1
U11,U11_S4,1789102274,template_used,1
U11,U11_S4,1789102274,complex_filter,1
U11,U11_S4,1789102274,filter_run,22.8
U11,U11_S4,1789102345,filter_run,26.7
U11,U11_S4,1789102386,semantic_error,1
U11,U11_S4,1789102386,complex_filter,1
U11,U11_S4,1789102386,filter_run,35.9
U11,U11_S4,1789102459,filter_run,24.4
U11,U11_S4,1789102482,filter_run,26.1
U11,U11_S4,1789102563,template_used,1
U11,U11_S4,1789102563,complex_filter,1
U11,U11_S4,1789102563,filter_run,34.3
U11,U11_S4,1789102650,filter_run,41.5
U11,U11_S4,1789102713,filter_run,33.5
U11,U11_S4,1789102782,filter_run,25.9
U11,U11_S4,1789102803,template_used,1
U11,U11_S4,1789102803,filter_run,36.9
U11,U11_S4,1789102885,filter_run,32.5
U11,U11_S4,1789102975,filter_run,37.5
U12,U12_S1,1789200024,template_used,1
U12,U12_S1,1789200024,semantic_error,1
U12,U12_S1,1789200024,filter_run,30.6
U12,U12_S1,1789200082,filter_run,30.8
U12,U12_S1,1789200130,filter_run,50.7
U12,U12_S1,1789200196,template_used,1
U12,U12_S1,1789200196,complex_filter,1
U12,U12_S1,1789200196,filter_run,30.7
U12,U12_S1,1789200253,semantic_error,1
U12,U12_S1,1789200253,filter_run,50.7
U12,U12_S1,1789200325,filter_run,31.9
U12,U12_S1,1789200369,template_used,1
U12,U12_S1,1789200369,filter_run,43.9
U12,U12_S1,1789200404,filter_run,44.6
U12,U12_S1,1789200491,filter_run,45.3
U12,U12_S1,1789200576,complex_filter,1
U12,U12_S1,1789200576,filter_run,40.0
U12,U12_S1,1789200637,filter_run,35.3
U12,U12_S1,1789200688,filter_run,43.9
U12,U12_S1,1789200773,filter_run,44.5
U12,U12_S2,1789200820,complex_filter,1
U12,U12_S2,1789200820,filter_run,28.0
U12,U12_S2,1789200862,complex_filter,1
U12,U12_S2,1789200862,filter_run,18.9
U12,U12_S2,1789200927,filter_run,30.7
U12,U12_S2,1789201015,filter_run,23.6
U12,U12_S2,1789201038,template_used,1
U12,U12_S2,1789201038,syntax_error,1
U12,U12_S2,1789201038,filter_run,49.8
U12,U12_S2,1789201076,filter_run,37.0
U12,U12_S2,1789201100,filter_run,33.1
U12,U12_S2,1789201169,complex_filter,1
U12,U12_S2,1789201169,filter_run,36.1
U12,U12_S2,1789201195,filter_run,34.4
U12,U12_S2,1789201216,filter_run,47.2
U12,U12_S2,1789201292,filter_run,38.5
U12,U12_S2,1789201337,complex_filter,1
U12,U12_S2,1789201337,filter_run,28.5
U12,U12_S2,1789201366,complex_filter,1
U12,U12_S2,1789201366,filter_run,29.3
U12,U12_S2,1789201402,syntax_error,1
U12,U12_S2,1789201402,filter_run,42.4
U12,U12_S3,1789201441,filter_run,41.4
U12,U12_S3,1789201531,complex_filter,1
U12,U12_S3,1789201531,filter_run,32.3
U12,U12_S3,1789201574,filter_run,31.9
U12,U12_S3,1789201621,filter_run,41.8
U12,U12_S3,1789201708,filter_run,43.1
U12,U12_S3,1789201758,filter_run,42.5
U12,U12_S3,1789201819,syntax_error,1
U12,U12_S3,1789201819,filter_run,47.0
U12,U12_S3,1789201886,complex_filter,1
U12,U12_S3,1789201886,filter_run,39.2
U12,U12_S3,1789201930,template_used,1
U12,U12_S3,1789201930,semantic_error,1
U12,U12_S3,1789201930,filter_run,27.2
U12,U12_S3,1789201976,filter_run,35.5
U12,U12_S4,1789202022,filter_run,26.3
U12,U12_S4,1789202061,help_open,1
U12,U12_S4,1789202061,syntax_error,1
U12,U12_S4,1789202061,complex_filter,1
U12,U12_S4,1789202061,filter_run,22.8
U12,U12_S4,1789202113,complex_filter,1
U12,U12_S4,1789202113,filter_run,29.1
U12,U12_S4,1789202188,syntax_error,1
U12,U12_S4,1789202188,filter_run,44.4
U12,U12_S4,1789202216,complex_filter,1
U12,U12_S4,1789202216,filter_run,40.7
U12,U12_S4,1789202274,complex_filter,1
U12,U12_S4,1789202274,filter_run,35.8
U12,U12_S4,1789202297,complex_filter,1
U12,U12_S4,1789202297,filter_run,40.2
U12,U12_S4,1789202335,filter_run,28.1
U12,U12_S4,1789202402,template_used,1
U12,U12_S4,1789202402,complex_filter,1
U12,U12_S4,1789202402,filter_run,47.1
U12,U12_S4,1789202472,filter_run,40.0
U13,U13_S1,1789300052,template_used,1
U13,U13_S1,1789300052,filter_run,50.6
U13,U13_S1,1789300142,complex_filter,1
U13,U13_S1,1789300142,filter_run,24.9
U13,U13_S1,1789300174,filter_run,36.9
U13,U13_S1,1789300230,filter_run,34.6
U13,U13_S1,1789300289,template_used,1
U13,U13_S1,1789300289,filter_run,44.3
U13,U13_S1,1789300349,template_used,1
U13,U13_S1,1789300349,filter_run,38.4
U13,U13_S1,1789300415,filter_run,35.4
U13,U13_S1,1789300505,help_open,1
U13,U13_S1,1789300505,syntax_error,1
U13,U13_S1,1789300505,filter_run,44.9
U13,U13_S1,1789300593,filter_run,51.7
U13,U13_S1,1789300616,complex_filter,1
U13,U13_S1,1789300616,filter_run,30.0
U13,U13_S1,1789300640,filter_run,40.9
U13,U13_S2,1789300697,syntax_error,1
U13,U13_S2,1789300697,complex_filter,1
U13,U13_S2,1789300697,filter_run,31.6
U13,U13_S2,1789300747,complex_filter,1
U13,U13_S2,1789300747,filter_run,30.5
U13,U13_S2,1789300789,complex_filter,1
U13,U13_S2,1789300789,filter_run,38.3
U13,U13_S2,1789300870,template_used,1
U13,U13_S2,1789300870,complex_filter,1
U13,U13_S2,1789300870,filter_run,38.5
U13,U13_S2,1789300916,filter_run,44.8
U13,U13_S2,1789300941,help_open,1
U13,U13_S2,1789300941,semantic_error,1
U13,U13_S2,1789300941,filter_run,37.1
U13,U13_S2,1789301030,filter_run,52.0
U13,U13_S2,1789301059,filter_run,29.4
U13,U13_S2,1789301141,semantic_error,1
U13,U13_S2,1789301141,filter_run,51.8
U13,U13_S2,1789301190,help_open,1
U13,U13_S2,1789301190,complex_filter,1
U13,U13_S2,1789301190,filter_run,30.9
U13,U13_S2,1789301225,complex_filter,1
U13,U13_S2,1789301225,filter_run,48.7
U13,U13_S3,1789301306,filter_run,38.6
U13,U13_S3,1789301346,complex_filter,1
U13,U13_S3,1789301346,filter_run,42.6
U13,U13_S3,1789301387,template_used,1
U13,U13_S3,1789301387,filter_run,37.0
U13,U13_S3,1789301443,template_used,1
U13,U13_S3,1789301443,filter_run,37.8
U13,U13_S3,1789301524,filter_run,40.6
U13,U13_S3,1789301609,filter_run,33.9
U13,U13_S3,1789301637,syntax_error,1
U13,U13_S3,1789301637,filter_run,30.1
U13,U13_S3,1789301676,template_used,1
U13,U13_S3,1789301676,filter_run,38.2
U13,U13_S3,1789301764,template_used,1
U13,U13_S3,1789301764,complex_filter,1
U13,U13_S3,1789301764,filter_run,26.6
U13,U13_S3,1789301839,syntax_error,1
U13,U13_S3,1789301839,complex_filter,1
U13,U13_S3,1789301839,filter_run,29.4
U13,U13_S3,1789301920,filter_run,39.3
U13,U13_S3,1789301952,filter_run,26.2
U13,U13_S3,1789301982,complex_filter,1
U13,U13_S3,1789301982,filter_run,34.9
U13,U13_S3,1789302068,template_used,1
U13,U13_S3,1789302068,filter_run,24.9
U13,U13_S3,1789302128,template_used,1
U13,U13_S3,1789302128,filter_run,37.7
U13,U13_S4,1789302194,complex_filter,1
U13,U13_S4,1789302194,filter_run,47.6
U13,U13_S4,1789302284,filter_run,37.6
U13,U13_S4,1789302348,filter_run,44.6
U13,U13_S4,1789302383,complex_filter,1
U13,U13_S4,1789302383,filter_run,39.5
U13,U13_S4,1789302446,complex_filter,1
U13,U13_S4,1789302446,filter_run,45.6
U13,U13_S4,1789302515,template_used,1
U13,U13_S4,1789302515,syntax_error,1
U13,U13_S4,1789302515,filter_run,35.1
U13,U13_S4,1789302563,filter_run,38.9
U13,U13_S4,1789302634,filter_run,51.6
U13,U13_S4,1789302717,template_used,1
U13,U13_S4,1789302717,filter_run,32.9
U13,U13_S4,1789302773,filter_run,28.9
U13,U13_S4,1789302839,template_used,1
U13,U13_S4,1789302839,filter_run,29.9
U13,U13_S4,1789302910,filter_run,37.5
U13,U13_S4,1789302941,filter_run,34.8
U13,U13_S4,1789303005,complex_filter,1
U13,U13_S4,1789303005,filter_run,47.2
U14,U14_S1,1789400052,filter_run,21.6
U14,U14_S1,1789400120,filter_run,19.1
U14,U14_S1,1789400143,filter_run,25.6
U14,U14_S1,1789400191,filter_run,23.6
U14,U14_S1,1789400244,template_used,1
U14,U14_S1,1789400244,filter_run,24.2
U14,U14_S1,1789400273,complex_filter,1
U14,U14_S1,1789400273,filter_run,21.5
U14,U14_S1,1789400317,filter_run,22.9
U14,U14_S1,1789400363,filter_run,24.7
U14,U14_S1,1789400393,filter_run,21.9
U14,U14_S1,1789400482,filter_run,32.3
U14,U14_S1,1789400537,complex_filter,1
U14,U14_S1,1789400537,filter_run,18.3
U14,U14_S1,1789400585,template_used,1
U14,U14_S1,1789400585,filter_run,25.4
U14,U14_S1,1789400649,filter_run,23.8
U14,U14_S1,1789400735,syntax_error,1
U14,U14_S1,1789400735,filter_run,21.2
U14,U14_S2,1789400778,filter_run,27.9
U14,U14_S2,1789400844,filter_run,18.7
U14,U14_S2,1789400921,template_used,1
U14,U14_S2,1789400921,complex_filter,1
U14,U14_S2,1789400921,filter_run,25.7
U14,U14_S2,1789400953,filter_run,24.9
U14,U14_S2,1789400992,template_used,1
U14,U14_S2,1789400992,complex_filter,1
U14,U14_S2,1789400992,filter_run,30.2
U14,U14_S2,1789401078,complex_filter,1
U14,U14_S2,1789401078,filter_run,22.9
U14,U14_S2,1789401110,template_used,1
U14,U14_S2,1789401110,filter_run,20.8
U14,U14_S2,1789401142,filter_run,25.4
U14,U14_S2,1789401164,filter_run,20.4
U14,U14_S2,1789401252,filter_run,14.1
U14,U14_S2,1789401282,complex_filter,1
U14,U14_S2,1789401282,filter_run,22.6
U14,U14_S2,1789401323,filter_run,13.2
U14,U14_S3,1789401363,filter_run,25.6
U14,U14_S3,1789401433,filter_run,8.9
U14,U14_S3,1789401505,complex_filter,1
U14,U14_S3,1789401505,filter_run,13.1
U14,U14_S3,1789401557,syntax_error,1
U14,U14_S3,1789401557,complex_filter,1
U14,U14_S3,1789401557,filter_run,28.8
U14,U14_S3,1789401647,filter_run,23.6
U14,U14_S3,1789401680,template_used,1
U14,U14_S3,1789401680,filter_run,18.3
U14,U14_S3,1789401736,template_used,1
U14,U14_S3,1789401736,complex_filter,1
U14,U14_S3,1789401736,filter_run,23.1
U14,U14_S3,1789401760,filter_run,25.6
U14,U14_S3,1789401814,template_used,1
U14,U14_S3,1789401814,filter_run,18.7
U14,U14_S3,1789401892,filter_run,17.0
U14,U14_S4,1789401973,filter_run,14.2
U14,U14_S4,1789402026,template_used,1
U14,U14_S4,1789402026,filter_run,20.0
U14,U14_S4,1789402114,help_open,1
U14,U14_S4,1789402114,filter_run,20.4
U14,U14_S4,1789402135,filter_run,14.4
U14,U14_S4,1789402210,template_used,1
U14,U14_S4,1789402210,filter_run,16.4
U14,U14_S4,1789402278,template_used,1
U14,U14_S4,1789402278,filter_run,19.4
U14,U14_S4,1789402332,filter_run,11.0
U14,U14_S4,1789402360,filter_run,16.4
U14,U14_S4,1789402404,template_used,1
U14,U14_S4,1789402404,complex_filter,1
U14,U14_S4,1789402404,filter_run,24.1
U14,U14_S4,1789402437,template_used,1
U14,U14_S4,1789402437,complex_filter,1
U14,U14_S4,1789402437,filter_run,18.1
U14,U14_S4,1789402484,filter_run,17.8
U14,U14_S4,1789402563,template_used,1
U14,U14_S4,1789402563,semantic_error,1
U14,U14_S4,1789402563,complex_filter,1
U14,U14_S4,1789402563,filter_run,16.9
U15,U15_S1,1789500051,filter_run,37.2
U15,U15_S1,1789500096,filter_run,21.8
U15,U15_S1,1789500155,template_used,1
U15,U15_S1,1789500155,filter_run,32.6
U15,U15_S1,1789500245,template_used,1
U15,U15_S1,1789500245,complex_filter,1
U15,U15_S1,1789500245,filter_run,40.5
U15,U15_S1,1789500292,template_used,1
U15,U15_S1,1789500292,complex_filter,1
U15,U15_S1,1789500292,filter_run,23.0
U15,U15_S1,1789500347,filter_run,22.7
U15,U15_S1,1789500386,template_used,1
U15,U15_S1,1789500386,complex_filter,1
U15,U15_S1,1789500386,filter_run,26.4
U15,U15_S1,1789500449,complex_filter,1
U15,U15_S1,1789500449,filter_run,25.1
U15,U15_S1,1789500482,template_used,1
U15,U15_S1,1789500482,filter_run,23.4
U15,U15_S1,1789500546,filter_run,28.9
U15,U15_S1,1789500571,filter_run,33.6
U15,U15_S1,1789500615,filter_run,36.7
U15,U15_S1,1789500705,filter_run,24.8
U15,U15_S1,1789500794,template_used,1
U15,U15_S1,1789500794,filter_run,31.5
U15,U15_S1,1789500860,template_used,1
U15,U15_S1,1789500860,filter_run,32.1
U15,U15_S2,1789500929,complex_filter,1
U15,U15_S2,1789500929,filter_run,29.7
U15,U15_S2,1789500990,semantic_error,1
U15,U15_S2,1789500990,complex_filter,1
U15,U15_S2,1789500990,filter_run,37.2
U15,U15_S2,1789501014,syntax_error,1
U15,U15_S2,1789501014,filter_run,26.9
U15,U15_S2,1789501066,help_open,1
U15,U15_S2,1789501066,template_used,1
U15,U15_S2,1789501066,complex_filter,1
U15,U15_S2,1789501066,filter_run,24.6
U15,U15_S2,1789501112,filter_run,27.2
U15,U15_S2,1789501185,semantic_error,1
U15,U15_S2,1789501185,filter_run,26.5
U15,U15_S2,1789501214,template_used,1
U15,U15_S2,1789501214,filter_run,34.6
U15,U15_S2,1789501283,filter_run,33.7
U15,U15_S2,1789501325,filter_run,22.8
U15,U15_S2,1789501399,template_used,1
U15,U15_S2,1789501399,filter_run,26.7
U15,U15_S2,1789501462,filter_run,37.4
U15,U15_S2,1789501523,filter_run,26.5
U15,U15_S2,1789501584,filter_run,35.2
U15,U15_S2,1789501661,filter_run,28.9
U15,U15_S3,1789501683,complex_filter,1
U15,U15_S3,1789501683,filter_run,33.1
U15,U15_S3,1789501705,filter_run,43.0
U15,U15_S3,1789501790,complex_filter,1
U15,U15_S3,1789501790,filter_run,28.9
U15,U15_S3,1789501856,template_used,1
U15,U15_S3,1789501856,complex_filter,1
U15,U15_S3,1789501856,filter_run,33.6
U15,U15_S3,1789501927,template_used,1
U15,U15_S3,1789501927,syntax_error,1
U15,U15_S3,1789501927,filter_run,17.7
U15,U15_S3,1789501959,template_used,1
U15,U15_S3,1789501959,filter_run,31.9
U15,U15_S3,1789501989,filter_run,17.8
U15,U15_S3,1789502024,template_used,1
U15,U15_S3,1789502024,filter_run,36.7
U15,U15_S3,1789502045,syntax_error,1
U15,U15_S3,1789502045,filter_run,25.9
U15,U15_S3,1789502093,filter_run,28.8
U15,U15_S3,1789502177,complex_filter,1
U15,U15_S3,1789502177,filter_run,27.3
U15,U15_S3,1789502203,template_used,1
U15,U15_S3,1789502203,filter_run,37.0
U15,U15_S3,1789502239,filter_run,23.8
U15,U15_S3,1789502326,template_used,1
U15,U15_S3,1789502326,filter_run,27.5
U15,U15_S4,1789502357,complex_filter,1
U15,U15_S4,1789502357,filter_run,25.8
U15,U15_S4,1789502416,filter_run,38.4
U15,U15_S4,1789502454,filter_run,36.5
U15,U15_S4,1789502484,template_used,1
U15,U15_S4,1789502484,filter_run,39.2
U15,U15_S4,1789502540,help_open,1
U15,U15_S4,1789502540,filter_run,35.1
U15,U15_S4,1789502628,filter_run,31.5
U15,U15_S4,1789502666,filter_run,26.2
U15,U15_S4,1789502693,complex_filter,1
U15,U15_S4,1789502693,filter_run,30.1
U15,U15_S4,1789502714,help_open,1
U15,U15_S4,1789502714,filter_run,29.0
U15,U15_S4,1789502771,filter_run,33.2
U15,U15_S4,1789502803,complex_filter,1
U15,U15_S4,1789502803,filter_run,36.0
U15,U15_S4,1789502825,help_open,1
U15,U15_S4,1789502825,filter_run,46.3
U15,U15_S4,1789502865,help_open,1
U15,U15_S4,1789502865,complex_filter,1
U15,U15_S4,1789502865,filter_run,48.1
U15,U15_S4,1789502920,filter_run,30.5
U16,U16_S1,1789600037,filter_run,33.8
U16,U16_S1,1789600087,filter_run,33.7
U16,U16_S1,1789600164,template_used,1
U16,U16_S1,1789600164,filter_run,42.2
U16,U16_S1,1789600223,filter_run,23.3
U16,U16_S1,1789600261,complex_filter,1
U16,U16_S1,1789600261,filter_run,25.8
U16,U16_S1,1789600304,filter_run,35.1
U16,U16_S1,1789600376,filter_run,29.5
U16,U16_S1,1789600415,template_used,1
U16,U16_S1,1789600415,filter_run,28.2
U16,U16_S1,1789600469,complex_filter,1
U16,U16_S1,1789600469,filter_run,40.6
U16,U16_S1,1789600550,filter_run,38.1
U16,U16_S1,1789600593,complex_filter,1
U16,U16_S1,1789600593,filter_run,50.1
U16,U16_S1,1789600614,filter_run,40.1
U16,U16_S1,1789600659,template_used,1
U16,U16_S1,1789600659,filter_run,43.4
U16,U16_S1,1789600720,filter_run,31.1
U16,U16_S1,1789600788,filter_run,27.1
U16,U16_S2,1789600812,complex_filter,1
U16,U16_S2,1789600812,filter_run,31.8
U16,U16_S2,1789600863,filter_run,23.6
U16,U16_S2,1789600889,filter_run,33.1
U16,U16_S2,1789600945,complex_filter,1
U16,U16_S2,1789600945,filter_run,30.0
U16,U16_S2,1789601022,filter_run,33.7
U16,U16_S2,1789601111,complex_filter,1
U16,U16_S2,1789601111,filter_run,24.2
U16,U16_S2,1789601156,template_used,1
U16,U16_S2,1789601156,filter_run,27.8
U16,U16_S2,1789601196,template_used,1
U16,U16_S2,1789601196,filter_run,28.2
U16,U16_S2,1789601265,complex_filter,1
U16,U16_S2,1789601265,filter_run,41.1
U16,U16_S2,1789601355,filter_run,31.9
U16,U16_S2,1789601393,filter_run,30.6
U16,U16_S2,1789601470,template_used,1
U16,U16_S2,1789601470,filter_run,47.0
U16,U16_S2,1789601491,complex_filter,1
U16,U16_S2,1789601491,filter_run,34.5
U16,U16_S2,1789601574,filter_run,43.1
U16,U16_S2,1789601625,filter_run,39.1
U16,U16_S3,1789601651,template_used,1
U16,U16_S3,1789601651,complex_filter,1
U16,U16_S3,1789601651,filter_run,40.5
U16,U16_S3,1789601709,template_used,1
U16,U16_S3,1789601709,filter_run,32.8
U16,U16_S3,1789601749,filter_run,31.9
U16,U16_S3,1789601827,semantic_error,1
U16,U16_S3,1789601827,filter_run,26.3
U16,U16_S3,1789601895,complex_filter,1
U16,U16_S3,1789601895,filter_run,27.0
U16,U16_S3,1789601950,complex_filter,1
U16,U16_S3,1789601950,filter_run,31.5
U16,U16_S3,1789601977,filter_run,19.4
U16,U16_S3,1789602033,filter_run,32.0
U16,U16_S3,1789602098,filter_run,17.2
U16,U16_S3,1789602147,syntax_error,1
U16,U16_S3,1789602147,filter_run,31.0
U16,U16_S3,1789602182,template_used,1
U16,U16_S3,1789602182,filter_run,37.5
U16,U16_S4,1789602229,help_open,1
U16,U16_S4,1789602229,template_used,1
U16,U16_S4,1789602229,filter_run,29.4
U16,U16_S4,1789602288,complex_filter,1
U16,U16_S4,1789602288,filter_run,23.7
U16,U16_S4,1789602311,template_used,1
U16,U16_S4,1789602311,filter_run,34.0
U16,U16_S4,1789602392,filter_run,16.4
U16,U16_S4,1789602480,filter_run,16.1
U16,U16_S4,1789602507,filter_run,22.4
U16,U16_S4,1789602569,filter_run,26.3
U16,U16_S4,1789602624,filter_run,32.6
U16,U16_S4,1789602667,filter_run,36.3
U16,U16_S4,1789602727,filter_run,17.7
U16,U16_S4,1789602785,filter_run,37.6
U16,U16_S4,1789602830,syntax_error,1
U16,U16_S4,1789602830,filter_run,33.7
U16,U16_S4,1789602917,complex_filter,1
U16,U16_S4,1789602917,filter_run,43.3
U16,U16_S4,1789603003,template_used,1
U16,U16_S4,1789603003,filter_run,25.4
U16,U16_S4,1789603023,template_used,1
U16,U16_S4,1789603023,filter_run,18.6
U17,U17_S1,1789700046,complex_filter,1
U17,U17_S1,1789700046,filter_run,23.6
U17,U17_S1,1789700085,template_used,1
U17,U17_S1,1789700085,filter_run,26.9
U17,U17_S1,1789700118,complex_filter,1
U17,U17_S1,1789700118,filter_run,24.8
U17,U17_S1,1789700169,filter_run,21.9
U17,U17_S1,1789700195,complex_filter,1
U17,U17_S1,1789700195,filter_run,31.2
U17,U17_S1,1789700237,filter_run,27.8
U17,U17_S1,1789700314,filter_run,22.9
U17,U17_S1,1789700393,template_used,1
U17,U17_S1,1789700393,filter_run,20.4
U17,U17_S1,1789700425,filter_run,26.4
U17,U17_S1,1789700478,filter_run,29.7
U17,U17_S1,1789700539,template_used,1
U17,U17_S1,1789700539,complex_filter,1
U17,U17_S1,1789700539,filter_run,22.9
U17,U17_S1,1789700603,template_used,1
U17,U17_S1,1789700603,semantic_error,1
U17,U17_S1,1789700603,filter_run,26.8
U17,U17_S2,1789700632,complex_filter,1
U17,U17_S2,1789700632,filter_run,21.2
U17,U17_S2,1789700713,filter_run,21.4
U17,U17_S2,1789700788,complex_filter,1
U17,U17_S2,1789700788,filter_run,21.8
U17,U17_S2,1789700870,help_open,1
U17,U17_S2,1789700870,complex_filter,1
U17,U17_S2,1789700870,filter_run,18.5
U17,U17_S2,1789700946,syntax_error,1
U17,U17_S2,1789700946,filter_run,26.6
U17,U17_S2,1789701029,template_used,1
U17,U17_S2,1789701029,complex_filter,1
U17,U17_S2,1789701029,filter_run,20.9
U17,U17_S2,1789701049,complex_filter,1
U17,U17_S2,1789701049,filter_run,21.7
U17,U17_S2,1789701095,filter_run,22.2
U17,U17_S2,1789701153,filter_run,32.8
U17,U17_S2,1789701238,template_used,1
U17,U17_S2,1789701238,complex_filter,1
U17,U17_S2,1789701238,filter_run,25.5
U17,U17_S2,1789701328,template_used,1
U17,U17_S2,1789701328,filter_run,29.2
U17,U17_S2,1789701351,complex_filter,1
U17,U17_S2,1789701351,filter_run,28.6
U17,U17_S3,1789701422,filter_run,27.8
U17,U17_S3,1789701488,template_used,1
U17,U17_S3,1789701488,filter_run,30.6
U17,U17_S3,1789701525,help_open,1
U17,U17_S3,1789701525,semantic_error,1
U17,U17_S3,1789701525,filter_run,28.7
U17,U17_S3,1789701562,filter_run,25.4
U17,U17_S3,1789701636,filter_run,23.1
U17,U17_S3,1789701710,complex_filter,1
U17,U17_S3,1789701710,filter_run,28.3
U17,U17_S3,1789701794,complex_filter,1
U17,U17_S3,1789701794,filter_run,31.7
U17,U17_S3,1789701861,help_open,1
U17,U17_S3,1789701861,complex_filter,1
U17,U17_S3,1789701861,filter_run,27.3
U17,U17_S3,1789701948,filter_run,35.5
U17,U17_S3,1789701979,filter_run,31.0
U17,U17_S3,1789702068,syntax_error,1
U17,U17_S3,1789702068,filter_run,19.8
U17,U17_S3,1789702148,filter_run,27.1
U17,U17_S3,1789702205,template_used,1
U17,U17_S3,1789702205,filter_run,24.9
U17,U17_S4,1789702285,complex_filter,1
U17,U17_S4,1789702285,filter_run,19.2
U17,U17_S4,1789702308,template_used,1
U17,U17_S4,1789702308,filter_run,25.3
U17,U17_S4,1789702363,filter_run,28.6
U17,U17_S4,1789702402,semantic_error,1
U17,U17_S4,1789702402,complex_filter,1
U17,U17_S4,1789702402,filter_run,28.5
U17,U17_S4,1789702426,template_used,1
U17,U17_S4,1789702426,semantic_error,1
U17,U17_S4,1789702426,complex_filter,1
U17,U17_S4,1789702426,filter_run,31.6
U17,U17_S4,1789702509,filter_run,25.4
U17,U17_S4,1789702573,help_open,1
U17,U17_S4,1789702573,complex_filter,1
U17,U17_S4,1789702573,filter_run,22.7
U17,U17_S4,1789702652,filter_run,20.8
U17,U17_S4,1789702721,template_used,1
U17,U17_S4,1789702721,complex_filter,1
U17,U17_S4,1789702721,filter_run,24.8
U17,U17_S4,1789702798,filter_run,31.1
U18,U18_S1,1789800052,filter_run,30.2
U18,U18_S1,1789800096,filter_run,27.2
U18,U18_S1,1789800124,help_open,1
U18,U18_S1,1789800124,template_used,1
U18,U18_S1,1789800124,syntax_error,1
U18,U18_S1,1789800124,complex_filter,1
U18,U18_S1,1789800124,filter_run,26.5
U18,U18_S1,1789800180,template_used,1
U18,U18_S1,1789800180,complex_filter,1
U18,U18_S1,1789800180,filter_run,17.2
U18,U18_S1,1789800227,complex_filter,1
U18,U18_S1,1789800227,filter_run,20.2
U18,U18_S1,1789800263,filter_run,27.5
U18,U18_S1,1789800306,filter_run,28.8
U18,U18_S1,1789800361,filter_run,26.1
U18,U18_S1,1789800416,complex_filter,1
U18,U18_S1,1789800416,filter_run,35.7
U18,U18_S1,1789800469,template_used,1
U18,U18_S1,1789800469,complex_filter,1
U18,U18_S1,1789800469,filter_run,20.5
U18,U18_S2,1789800507,complex_filter,1
U18,U18_S2,1789800507,filter_run,30.5
U18,U18_S2,1789800583,template_used,1
U18,U18_S2,1789800583,syntax_error,1
U18,U18_S2,1789800583,complex_filter,1
U18,U18_S2,1789800583,filter_run,15.1
U18,U18_S2,1789800622,template_used,1
U18,U18_S2,1789800622,syntax_error,1
U18,U18_S2,1789800622,complex_filter,1
U18,U18_S2,1789800622,filter_run,29.5
U18,U18_S2,1789800684,filter_run,20.1
U18,U18_S2,1789800712,template_used,1
U18,U18_S2,1789800712,filter_run,26.1
U18,U18_S2,1789800793,filter_run,25.2
U18,U18_S2,1789800824,filter_run,27.5
U18,U18_S2,1789800881,template_used,1
U18,U18_S2,1789800881,syntax_error,1
U18,U18_S2,1789800881,complex_filter,1
U18,U18_S2,1789800881,filter_run,22.0
U18,U18_S2,1789800946,complex_filter,1
U18,U18_S2,1789800946,filter_run,15.1
U18,U18_S2,1789800970,filter_run,31.9
U18,U18_S3,1789801053,filter_run,27.6
U18,U18_S3,1789801077,filter_run,26.9
U18,U18_S3,1789801163,complex_filter,1
U18,U18_S3,1789801163,filter_run,32.6
U18,U18_S3,1789801212,template_used,1
U18,U18_S3,1789801212,semantic_error,1
U18,U18_S3,1789801212,filter_run,26.5
U18,U18_S3,1789801248,help_open,1
U18,U18_S3,1789801248,filter_run,24.3
U18,U18_S3,1789801280,template_used,1
U18,U18_S3,1789801280,filter_run,29.9
U18,U18_S3,1789801328,help_open,1
U18,U18_S3,1789801328,template_used,1
U18,U18_S3,1789801328,filter_run,28.9
U18,U18_S3,1789801399,complex_filter,1
U18,U18_S3,1789801399,filter_run,29.9
U18,U18_S3,1789801424,syntax_error,1
U18,U18_S3,1789801424,filter_run,17.0
U18,U18_S3,1789801491,complex_filter,1
U18,U18_S3,1789801491,filter_run,33.4
U18,U18_S3,1789801559,template_used,1
U18,U18_S3,1789801559,complex_filter,1
U18,U18_S3,1789801559,filter_run,31.1
U18,U18_S3,1789801601,complex_filter,1
U18,U18_S3,1789801601,filter_run,21.8
U18,U18_S4,1789801637,filter_run,15.5
U18,U18_S4,1789801679,template_used,1
U18,U18_S4,1789801679,filter_run,31.4
U18,U18_S4,1789801737,template_used,1
U18,U18_S4,1789801737,complex_filter,1
U18,U18_S4,1789801737,filter_run,22.1
U18,U18_S4,1789801824,filter_run,18.4
U18,U18_S4,1789801870,template_used,1
U18,U18_S4,1789801870,filter_run,24.1
U18,U18_S4,1789801950,template_used,1
U18,U18_S4,1789801950,complex_filter,1
U18,U18_S4,1789801950,filter_run,22.0
U18,U18_S4,1789802002,complex_filter,1
U18,U18_S4,1789802002,filter_run,27.1
U18,U18_S4,1789802028,template_used,1
U18,U18_S4,1789802028,filter_run,32.7
U18,U18_S4,1789802104,filter_run,31.8
U18,U18_S4,1789802165,template_used,1
U18,U18_S4,1789802165,complex_filter,1
U18,U18_S4,1789802165,filter_run,21.3
U18,U18_S4,1789802213,help_open,1
U18,U18_S4,1789802213,syntax_error,1
U18,U18_S4,1789802213,complex_filter,1
U18,U18_S4,1789802213,filter_run,26.2
U18,U18_S4,1789802291,complex_filter,1
U18,U18_S4,1789802291,filter_run,21.7
U18,U18_S4,1789802353,syntax_error,1
U18,U18_S4,1789802353,filter_run,27.6
U19,U19_S1,1789900041,filter_run,17.6
U19,U19_S1,1789900088,filter_run,27.4
U19,U19_S1,1789900139,filter_run,41.1
U19,U19_S1,1789900159,template_used,1
U19,U19_S1,1789900159,filter_run,24.8
U19,U19_S1,1789900243,help_open,1
U19,U19_S1,1789900243,filter_run,31.8
U19,U19_S1,1789900293,help_open,1
U19,U19_S1,1789900293,filter_run,23.3
U19,U19_S1,1789900340,complex_filter,1
U19,U19_S1,1789900340,filter_run,24.1
U19,U19_S1,1789900418,syntax_error,1
U19,U19_S1,1789900418,filter_run,29.6
U19,U19_S1,1789900489,filter_run,37.2
U19,U19_S1,1789900558,syntax_error,1
U19,U19_S1,1789900558,complex_filter,1
U19,U19_S1,1789900558,filter_run,29.1
U19,U19_S1,1789900647,template_used,1
U19,U19_S1,1789900647,filter_run,22.1
U19,U19_S1,1789900732,complex_filter,1
U19,U19_S1,1789900732,filter_run,40.6
U19,U19_S1,1789900798,template_used,1
U19,U19_S1,1789900798,filter_run,26.9
U19,U19_S1,1789900844,filter_run,21.9
U19,U19_S1,1789900890,filter_run,22.9
U19,U19_S2,1789900918,filter_run,26.6
U19,U19_S2,1789900998,complex_filter,1
U19,U19_S2,1789900998,filter_run,19.2
U19,U19_S2,1789901026,syntax_error,1
U19,U19_S2,1789901026,complex_filter,1
U19,U19_S2,1789901026,filter_run,19.5
U19,U19_S2,1789901055,help_open,1
U19,U19_S2,1789901055,filter_run,31.7
U19,U19_S2,1789901077,complex_filter,1
U19,U19_S2,1789901077,filter_run,21.7
U19,U19_S2,1789901141,syntax_error,1
U19,U19_S2,1789901141,complex_filter,1
U19,U19_S2,1789901141,filter_run,30.2
U19,U19_S2,1789901227,filter_run,16.3
U19,U19_S2,1789901288,filter_run,19.5
U19,U19_S2,1789901347,filter_run,28.7
U19,U19_S2,1789901373,filter_run,30.5
U19,U19_S3,1789901415,complex_filter,1
U19,U19_S3,1789901415,filter_run,30.5
U19,U19_S3,1789901465,filter_run,21.7
U19,U19_S3,1789901489,filter_run,27.3
U19,U19_S3,1789901529,template_used,1
U19,U19_S3,1789901529,semantic_error,1
U19,U19_S3,1789901529,filter_run,37.0
U19,U19_S3,1789901568,help_open,1
U19,U19_S3,1789901568,complex_filter,1
U19,U19_S3,1789901568,filter_run,20.1
U19,U19_S3,1789901625,filter_run,21.5
U19,U19_S3,1789901701,template_used,1
U19,U19_S3,1789901701,complex_filter,1
U19,U19_S3,1789901701,filter_run,23.0
U19,U19_S3,1789901791,template_used,1
U19,U19_S3,1789901791,complex_filter,1
U19,U19_S3,1789901791,filter_run,21.2
U19,U19_S3,1789901835,complex_filter,1
U19,U19_S3,1789901835,filter_run,28.5
U19,U19_S3,1789901857,help_open,1
U19,U19_S3,1789901857,filter_run,30.2
U19,U19_S3,1789901939,filter_run,23.5
U19,U19_S4,1789902009,complex_filter,1
U19,U19_S4,1789902009,filter_run,21.0
U19,U19_S4,1789902086,template_used,1
U19,U19_S4,1789902086,filter_run,27.4
U19,U19_S4,1789902159,filter_run,11.2
U19,U19_S4,1789902196,complex_filter,1
U19,U19_S4,1789902196,filter_run,27.8
U19,U19_S4,1789902283,template_used,1
U19,U19_S4,1789902283,filter_run,27.2
U19,U19_S4,1789902337,filter_run,25.3
U19,U19_S4,1789902374,filter_run,24.3
U19,U19_S4,1789902432,filter_run,17.7
U19,U19_S4,1789902471,filter_run,15.2
U19,U19_S4,1789902544,complex_filter,1
U19,U19_S4,1789902544,filter_run,12.0
U19,U19_S4,1789902599,complex_filter,1
U19,U19_S4,1789902599,filter_run,16.0
U19,U19_S4,1789902652,complex_filter,1
U19,U19_S4,1789902652,filter_run,22.9
U20,U20_S1,1790000037,template_used,1
U20,U20_S1,1790000037,filter_run,32.1
U20,U20_S1,1790000094,filter_run,29.8
U20,U20_S1,1790000137,filter_run,25.6
U20,U20_S1,1790000195,filter_run,41.0
U20,U20_S1,1790000260,template_used,1
U20,U20_S1,1790000260,filter_run,24.8
U20,U20_S1,1790000300,template_used,1
U20,U20_S1,1790000300,complex_filter,1
U20,U20_S1,1790000300,filter_run,30.8
U20,U20_S1,1790000387,filter_run,18.6
U20,U20_S1,1790000421,filter_run,37.0
U20,U20_S1,1790000487,filter_run,34.0
U20,U20_S1,1790000545,help_open,1
U20,U20_S1,1790000545,filter_run,29.6
U20,U20_S1,1790000583,template_used,1
U20,U20_S1,1790000583,filter_run,21.1
U20,U20_S1,1790000617,complex_filter,1
U20,U20_S1,1790000617,filter_run,35.0
U20,U20_S1,1790000650,help_open,1
U20,U20_S1,1790000650,filter_run,31.8
U20,U20_S1,1790000708,filter_run,29.3
U20,U20_S1,1790000754,template_used,1
U20,U20_S1,1790000754,complex_filter,1
U20,U20_S1,1790000754,filter_run,36.4
U20,U20_S2,1790000818,filter_run,37.3
U20,U20_S2,1790000902,template_used,1
U20,U20_S2,1790000902,complex_filter,1
U20,U20_S2,1790000902,filter_run,30.1
U20,U20_S2,1790000958,semantic_error,1
U20,U20_S2,1790000958,filter_run,33.2
U20,U20_S2,1790001042,complex_filter,1
U20,U20_S2,1790001042,filter_run,28.0
U20,U20_S2,1790001107,filter_run,26.8
U20,U20_S2,1790001167,template_used,1
U20,U20_S2,1790001167,semantic_error,1
U20,U20_S2,1790001167,filter_run,27.7
U20,U20_S2,1790001228,filter_run,28.7
U20,U20_S2,1790001304,filter_run,37.3
U20,U20_S2,1790001384,semantic_error,1
U20,U20_S2,1790001384,filter_run,19.3
U20,U20_S2,1790001454,syntax_error,1
U20,U20_S2,1790001454,filter_run,27.0
U20,U20_S2,1790001495,help_open,1
U20,U20_S2,1790001495,filter_run,27.8
U20,U20_S2,1790001566,filter_run,27.5
U20,U20_S3,1790001637,filter_run,20.6
U20,U20_S3,1790001722,syntax_error,1
U20,U20_S3,1790001722,filter_run,26.1
U20,U20_S3,1790001754,complex_filter,1
U20,U20_S3,1790001754,filter_run,26.0
U20,U20_S3,1790001796,filter_run,30.4
U20,U20_S3,1790001882,filter_run,29.7
U20,U20_S3,1790001964,filter_run,38.6
U20,U20_S3,1790002039,template_used,1
U20,U20_S3,1790002039,filter_run,29.5
U20,U20_S3,1790002115,template_used,1
U20,U20_S3,1790002115,filter_run,25.3
U20,U20_S3,1790002197,template_used,1
U20,U20_S3,1790002197,filter_run,37.3
U20,U20_S3,1790002279,filter_run,32.8
U20,U20_S3,1790002349,filter_run,22.7
U20,U20_S3,1790002405,template_used,1
U20,U20_S3,1790002405,semantic_error,1
U20,U20_S3,1790002405,filter_run,28.3
U20,U20_S4,1790002468,filter_run,26.0
U20,U20_S4,1790002495,template_used,1
U20,U20_S4,1790002495,filter_run,29.3
U20,U20_S4,1790002554,template_used,1
U20,U20_S4,1790002554,complex_filter,1
U20,U20_S4,1790002554,filter_run,26.2
U20,U20_S4,1790002628,filter_run,12.4
U20,U20_S4,1790002696,syntax_error,1
U20,U20_S4,1790002696,filter_run,18.1
U20,U20_S4,1790002742,filter_run,23.1
U20,U20_S4,1790002817,complex_filter,1
U20,U20_S4,1790002817,filter_run,23.6
U20,U20_S4,1790002905,template_used,1
U20,U20_S4,1790002905,filter_run,30.2
U20,U20_S4,1790002936,filter_run,19.4
U20,U20_S4,1790003023,template_used,1
U20,U20_S4,1790003023,filter_run,23.9
U20,U20_S4,1790003098,template_used,1
U20,U20_S4,1790003098,filter_run,37.8
U20,U20_S4,1790003183,complex_filter,1
U20,U20_S4,1790003183,filter_run,23.9
U20,U20_S4,1790003266,filter_run,15.8
U20,U20_S4,1790003354,filter_run,27.1
U20,U20_S4,1790003399,template_used,1
U20,U20_S4,1790003399,filter_run,25.3
U21,U21_S1,1790100054,filter_run,23.2
U21,U21_S1,1790100098,help_open,1
U21,U21_S1,1790100098,filter_run,26.6
U21,U21_S1,1790100173,filter_run,34.0
U21,U21_S1,1790100228,template_used,1
U21,U21_S1,1790100228,filter_run,26.8
U21,U21_S1,1790100310,template_used,1
U21,U21_S1,1790100310,filter_run,24.7
U21,U21_S1,1790100382,filter_run,27.0
U21,U21_S1,1790100419,complex_filter,1
U21,U21_S1,1790100419,filter_run,21.8
U21,U21_S1,1790100506,complex_filter,1
U21,U21_S1,1790100506,filter_run,19.5
U21,U21_S1,1790100566,filter_run,25.7
U21,U21_S1,1790100604,help_open,1
U21,U21_S1,1790100604,filter_run,30.5
U21,U21_S1,1790100631,filter_run,18.4
U21,U21_S1,1790100686,filter_run,28.7
U21,U21_S1,1790100745,help_open,1
U21,U21_S1,1790100745,filter_run,18.9
U21,U21_S2,1790100795,filter_run,14.5
U21,U21_S2,1790100830,complex_filter,1
U21,U21_S2,1790100830,filter_run,35.9
U21,U21_S2,1790100882,filter_run,21.9
U21,U21_S2,1790100922,filter_run,23.6
U21,U21_S2,1790100952,filter_run,25.4
U21,U21_S2,1790101014,filter_run,22.8
U21,U21_S2,1790101079,filter_run,19.0
U21,U21_S2,1790101102,filter_run,24.4
U21,U21_S2,1790101147,syntax_error,1
U21,U21_S2,1790101147,filter_run,24.4
U21,U21_S2,1790101183,filter_run,16.6
U21,U21_S2,1790101236,filter_run,25.8
U21,U21_S2,1790101266,template_used,1
U21,U21_S2,1790101266,filter_run,27.4
U21,U21_S2,1790101288,filter_run,22.3
U21,U21_S2,1790101367,filter_run,21.2
U21,U21_S2,1790101398,template_used,1
U21,U21_S2,1790101398,complex_filter,1
U21,U21_S2,1790101398,filter_run,26.4
U21,U21_S3,1790101473,filter_run,24.7
U21,U21_S3,1790101527,filter_run,27.5
U21,U21_S3,1790101574,filter_run,21.8
U21,U21_S3,1790101631,filter_run,25.7
U21,U21_S3,1790101709,help_open,1
U21,U21_S3,1790101709,filter_run,21.4
U21,U21_S3,1790101778,complex_filter,1
U21,U21_S3,1790101778,filter_run,26.3
U21,U21_S3,1790101805,help_open,1
U21,U21_S3,1790101805,filter_run,18.3
U21,U21_S3,1790101830,help_open,1
U21,U21_S3,1790101830,filter_run,19.5
U21,U21_S3,1790101897,syntax_error,1
U21,U21_S3,1790101897,complex_filter,1
U21,U21_S3,1790101897,filter_run,19.6
U21,U21_S3,1790101976,complex_filter,1
U21,U21_S3,1790101976,filter_run,24.4
U21,U21_S3,1790102010,filter_run,23.3
U21,U21_S3,1790102085,filter_run,28.9
U21,U21_S3,1790102138,filter_run,11.9
U21,U21_S3,1790102214,help_open,1
U21,U21_S3,1790102214,template_used,1
U21,U21_S3,1790102214,complex_filter,1
U21,U21_S3,1790102214,filter_run,24.9
U21,U21_S4,1790102254,filter_run,28.2
U21,U21_S4,1790102336,template_used,1
U21,U21_S4,1790102336,complex_filter,1
U21,U21_S4,1790102336,filter_run,24.9
U21,U21_S4,1790102400,help_open,1
U21,U21_S4,1790102400,complex_filter,1
U21,U21_S4,1790102400,filter_run,19.6
U21,U21_S4,1790102447,filter_run,23.4
U21,U21_S4,1790102520,complex_filter,1
U21,U21_S4,1790102520,filter_run,21.7
U21,U21_S4,1790102555,filter_run,27.3
U21,U21_S4,1790102594,help_open,1
U21,U21_S4,1790102594,filter_run,20.9
U21,U21_S4,1790102614,template_used,1
U21,U21_S4,1790102614,filter_run,20.8
U21,U21_S4,1790102650,template_used,1
U21,U21_S4,1790102650,filter_run,25.5
U21,U21_S4,1790102718,help_open,1
U21,U21_S4,1790102718,filter_run,24.3
U21,U21_S4,1790102789,help_open,1
U21,U21_S4,1790102789,filter_run,21.8
U21,U21_S4,1790102828,filter_run,31.9
U22,U22_S1,1790200077,complex_filter,1
U22,U22_S1,1790200077,filter_run,25.8
U22,U22_S1,1790200120,syntax_error,1
U22,U22_S1,1790200120,filter_run,16.2
U22,U22_S1,1790200168,filter_run,24.2
U22,U22_S1,1790200247,complex_filter,1
U22,U22_S1,1790200247,filter_run,23.7
U22,U22_S1,1790200283,complex_filter,1
U22,U22_S1,1790200283,filter_run,19.6
U22,U22_S1,1790200308,filter_run,22.8
U22,U22_S1,1790200360,complex_filter,1
U22,U22_S1,1790200360,filter_run,25.1
U22,U22_S1,1790200403,template_used,1
U22,U22_S1,1790200403,filter_run,19.8
U22,U22_S1,1790200463,filter_run,24.2
U22,U22_S1,1790200506,template_used,1
U22,U22_S1,1790200506,complex_filter,1
U22,U22_S1,1790200506,filter_run,38.7
U22,U22_S1,1790200539,template_used,1
U22,U22_S1,1790200539,complex_filter,1
U22,U22_S1,1790200539,filter_run,22.3
U22,U22_S1,1790200610,filter_run,20.8
U22,U22_S1,1790200676,filter_run,27.8
U22,U22_S2,1790200710,complex_filter,1
U22,U22_S2,1790200710,filter_run,25.6
U22,U22_S2,1790200791,filter_run,25.0
U22,U22_S2,1790200849,template_used,1
U22,U22_S2,1790200849,complex_filter,1
U22,U22_S2,1790200849,filter_run,20.9
U22,U22_S2,1790200888,complex_filter,1
U22,U22_S2,1790200888,filter_run,20.5
U22,U22_S2,1790200945,syntax_error,1
U22,U22_S2,1790200945,filter_run,25.3
U22,U22_S2,1790201020,filter_run,20.2
U22,U22_S2,1790201102,filter_run,22.7
U22,U22_S2,1790201184,template_used,1
U22,U22_S2,1790201184,syntax_error,1
U22,U22_S2,1790201184,filter_run,23.3
U22,U22_S2,1790201264,filter_run,31.4
U22,U22_S2,1790201339,help_open,1
U22,U22_S2,1790201339,complex_filter,1
U22,U22_S2,1790201339,filter_run,24.5
U22,U22_S2,1790201402,filter_run,27.7
U22,U22_S3,1790201471,filter_run,25.4
U22,U22_S3,1790201511,filter_run,14.1
U22,U22_S3,1790201547,template_used,1
U22,U22_S3,1790201547,filter_run,28.4
U22,U22_S3,1790201597,template_used,1
U22,U22_S3,1790201597,semantic_error,1
U22,U22_S3,1790201597,complex_filter,1
U22,U22_S3,1790201597,filter_run,20.8
U22,U22_S3,1790201637,filter_run,21.5
U22,U22_S3,1790201686,complex_filter,1
U22,U22_S3,1790201686,filter_run,25.0
U22,U22_S3,1790201751,filter_run,29.1
U22,U22_S3,1790201784,filter_run,14.6
U22,U22_S3,1790201818,filter_run,28.1
U22,U22_S3,1790201902,filter_run,26.7
U22,U22_S3,1790201942,filter_run,24.9
U22,U22_S3,1790202008,template_used,1
U22,U22_S3,1790202008,complex_filter,1
U22,U22_S3,1790202008,filter_run,20.7
U22,U22_S4,1790202028,filter_run,25.8
U22,U22_S4,1790202101,filter_run,24.0
U22,U22_S4,1790202174,template_used,1
U22,U22_S4,1790202174,filter_run,31.6
U22,U22_S4,1790202260,syntax_error,1
U22,U22_S4,1790202260,complex_filter,1
U22,U22_S4,1790202260,filter_run,14.0
U22,U22_S4,1790202346,template_used,1
U22,U22_S4,1790202346,filter_run,22.5
U22,U22_S4,1790202370,complex_filter,1
U22,U22_S4,1790202370,filter_run,23.1
U22,U22_S4,1790202456,filter_run,27.2
U22,U22_S4,1790202516,template_used,1
U22,U22_S4,1790202516,filter_run,15.7
U22,U22_S4,1790202554,filter_run,23.3
U22,U22_S4,1790202618,complex_filter,1
U22,U22_S4,1790202618,filter_run,14.3
U22,U22_S4,1790202676,help_open,1
U22,U22_S4,1790202676,filter_run,26.0
U22,U22_S4,1790202765,template_used,1
U22,U22_S4,1790202765,filter_run,17.3
U22,U22_S4,1790202805,help_open,1
U22,U22_S4,1790202805,complex_filter,1
U22,U22_S4,1790202805,filter_run,23.7
U23,U23_S1,1790300026,filter_run,12.8
U23,U23_S1,1790300046,filter_run,9.2
U23,U23_S1,1790300134,template_used,1
U23,U23_S1,1790300134,filter_run,12.5
U23,U23_S1,1790300171,template_used,1
U23,U23_S1,1790300171,complex_filter,1
U23,U23_S1,1790300171,filter_run,10.2
U23,U23_S1,1790300237,template_used,1
U23,U23_S1,1790300237,complex_filter,1
U23,U23_S1,1790300237,filter_run,12.2
U23,U23_S1,1790300268,complex_filter,1
U23,U23_S1,1790300268,filter_run,12.5
U23,U23_S1,1790300354,filter_run,17.7
U23,U23_S1,1790300430,complex_filter,1
U23,U23_S1,1790300430,filter_run,16.9
U23,U23_S1,1790300512,template_used,1
U23,U23_S1,1790300512,filter_run,18.1
U23,U23_S1,1790300547,template_used,1
U23,U23_S1,1790300547,syntax_error,1
U23,U23_S1,1790300547,complex_filter,1
U23,U23_S1,1790300547,filter_run,16.3
U23,U23_S2,1790300581,template_used,1
U23,U23_S2,1790300581,syntax_error,1
U23,U23_S2,1790300581,complex_filter,1
U23,U23_S2,1790300581,filter_run,13.5
U23,U23_S2,1790300648,template_used,1
U23,U23_S2,1790300648,complex_filter,1
U23,U23_S2,1790300648,filter_run,13.4
U23,U23_S2,1790300707,template_used,1
U23,U23_S2,1790300707,complex_filter,1
U23,U23_S2,1790300707,filter_run,13.7
U23,U23_S2,1790300742,template_used,1
U23,U23_S2,1790300742,syntax_error,1
U23,U23_S2,1790300742,complex_filter,1
U23,U23_S2,1790300742,filter_run,11.6
U23,U23_S2,1790300810,filter_run,15.1
U23,U23_S2,1790300894,complex_filter,1
U23,U23_S2,1790300894,filter_run,14.1
U23,U23_S2,1790300966,complex_filter,1
U23,U23_S2,1790300966,filter_run,13.0
U23,U23_S2,1790301042,template_used,1
U23,U23_S2,1790301042,filter_run,9.4
U23,U23_S2,1790301101,template_used,1
U23,U23_S2,1790301101,complex_filter,1
U23,U23_S2,1790301101,filter_run,11.9
U23,U23_S2,1790301190,template_used,1
U23,U23_S2,1790301190,complex_filter,1
U23,U23_S2,1790301190,filter_run,7.9
U23,U23_S2,1790301225,template_used,1
U23,U23_S2,1790301225,complex_filter,1
U23,U23_S2,1790301225,filter_run,15.2
U23,U23_S2,1790301271,complex_filter,1
U23,U23_S2,1790301271,filter_run,15.7
U23,U23_S2,1790301342,template_used,1
U23,U23_S2,1790301342,complex_filter,1
U23,U23_S2,1790301342,filter_run,10.4
U23,U23_S3,1790301415,template_used,1
U23,U23_S3,1790301415,complex_filter,1
U23,U23_S3,1790301415,filter_run,17.2
U23,U23_S3,1790301471,template_used,1
U23,U23_S3,1790301471,complex_filter,1
U23,U23_S3,1790301471,filter_run,13.0
U23,U23_S3,1790301543,template_used,1
U23,U23_S3,1790301543,complex_filter,1
U23,U23_S3,1790301543,filter_run,12.9
U23,U23_S3,1790301575,template_used,1
U23,U23_S3,1790301575,complex_filter,1
U23,U23_S3,1790301575,filter_run,11.0
U23,U23_S3,1790301610,template_used,1
U23,U23_S3,1790301610,complex_filter,1
U23,U23_S3,1790301610,filter_run,9.9
U23,U23_S3,1790301644,template_used,1
U23,U23_S3,1790301644,complex_filter,1
U23,U23_S3,1790301644,filter_run,13.3
U23,U23_S3,1790301667,template_used,1
U23,U23_S3,1790301667,complex_filter,1
U23,U23_S3,1790301667,filter_run,17.9
U23,U23_S3,1790301718,template_used,1
U23,U23_S3,1790301718,filter_run,12.5
U23,U23_S3,1790301795,template_used,1
U23,U23_S3,1790301795,filter_run,7.4
U23,U23_S3,1790301846,template_used,1
U23,U23_S3,1790301846,complex_filter,1
U23,U23_S3,1790301846,filter_run,19.7
U23,U23_S3,1790301866,filter_run,14.0
U23,U23_S4,1790301920,complex_filter,1
U23,U23_S4,1790301920,filter_run,13.6
U23,U23_S4,1790301967,template_used,1
U23,U23_S4,1790301967,filter_run,10.4
U23,U23_S4,1790302037,filter_run,11.7
U23,U23_S4,1790302112,template_used,1
U23,U23_S4,1790302112,filter_run,16.7
U23,U23_S4,1790302189,complex_filter,1
U23,U23_S4,1790302189,filter_run,11.3
U23,U23_S4,1790302251,help_open,1
U23,U23_S4,1790302251,complex_filter,1
U23,U23_S4,1790302251,filter_run,6.3
U23,U23_S4,1790302293,filter_run,13.7
U23,U23_S4,1790302381,complex_filter,1
U23,U23_S4,1790302381,filter_run,17.0
U23,U23_S4,1790302457,template_used,1
U23,U23_S4,1790302457,filter_run,9.3
U23,U23_S4,1790302522,filter_run,14.8
U23,U23_S4,1790302566,template_used,1
U23,U23_S4,1790302566,syntax_error,1
U23,U23_S4,1790302566,filter_run,14.8
U23,U23_S4,1790302631,filter_run,14.2
U23,U23_S4,1790302697,template_used,1
U23,U23_S4,1790302697,filter_run,21.0
U24,U24_S1,1790400090,filter_run,10.9
U24,U24_S1,1790400118,filter_run,12.0
U24,U24_S1,1790400173,filter_run,8.2
U24,U24_S1,1790400251,help_open,1
U24,U24_S1,1790400251,template_used,1
U24,U24_S1,1790400251,filter_run,9.4
U24,U24_S1,1790400312,filter_run,7.9
U24,U24_S1,1790400337,template_used,1
U24,U24_S1,1790400337,complex_filter,1
U24,U24_S1,1790400337,filter_run,10.1
U24,U24_S1,1790400414,template_used,1
U24,U24_S1,1790400414,filter_run,11.8
U24,U24_S1,1790400462,template_used,1
U24,U24_S1,1790400462,complex_filter,1
U24,U24_S1,1790400462,filter_run,4.2
U24,U24_S1,1790400503,template_used,1
U24,U24_S1,1790400503,complex_filter,1
U24,U24_S1,1790400503,filter_run,9.3
U24,U24_S1,1790400565,template_used,1
U24,U24_S1,1790400565,filter_run,9.9
U24,U24_S1,1790400591,template_used,1
U24,U24_S1,1790400591,complex_filter,1
U24,U24_S1,1790400591,filter_run,8.0
U24,U24_S2,1790400668,template_used,1
U24,U24_S2,1790400668,syntax_error,1
U24,U24_S2,1790400668,complex_filter,1
U24,U24_S2,1790400668,filter_run,8.0
U24,U24_S2,1790400696,template_used,1
U24,U24_S2,1790400696,complex_filter,1
U24,U24_S2,1790400696,filter_run,7.6
U24,U24_S2,1790400729,template_used,1
U24,U24_S2,1790400729,complex_filter,1
U24,U24_S2,1790400729,filter_run,7.9
U24,U24_S2,1790400761,template_used,1
U24,U24_S2,1790400761,filter_run,7.7
U24,U24_S2,1790400840,complex_filter,1
U24,U24_S2,1790400840,filter_run,7.7
U24,U24_S2,1790400863,template_used,1
U24,U24_S2,1790400863,complex_filter,1
U24,U24_S2,1790400863,filter_run,8.6
U24,U24_S2,1790400907,template_used,1
U24,U24_S2,1790400907,complex_filter,1
U24,U24_S2,1790400907,filter_run,8.8
U24,U24_S2,1790400988,template_used,1
U24,U24_S2,1790400988,filter_run,10.8
U24,U24_S2,1790401063,filter_run,9.8
U24,U24_S2,1790401152,template_used,1
U24,U24_S2,1790401152,complex_filter,1
U24,U24_S2,1790401152,filter_run,9.0
U24,U24_S3,1790401190,template_used,1
U24,U24_S3,1790401190,filter_run,8.9
U24,U24_S3,1790401264,complex_filter,1
U24,U24_S3,1790401264,filter_run,9.9
U24,U24_S3,1790401344,complex_filter,1
U24,U24_S3,1790401344,filter_run,9.2
U24,U24_S3,1790401406,template_used,1
U24,U24_S3,1790401406,complex_filter,1
U24,U24_S3,1790401406,filter_run,8.9
U24,U24_S3,1790401454,complex_filter,1
U24,U24_S3,1790401454,filter_run,8.2
U24,U24_S3,1790401501,complex_filter,1
U24,U24_S3,1790401501,filter_run,8.6
U24,U24_S3,1790401544,template_used,1
U24,U24_S3,1790401544,syntax_error,1
U24,U24_S3,1790401544,complex_filter,1
U24,U24_S3,1790401544,filter_run,7.4
U24,U24_S3,1790401582,template_used,1
U24,U24_S3,1790401582,filter_run,9.2
U24,U24_S3,1790401627,template_used,1
U24,U24_S3,1790401627,complex_filter,1
U24,U24_S3,1790401627,filter_run,8.9
U24,U24_S3,1790401717,template_used,1
U24,U24_S3,1790401717,complex_filter,1
U24,U24_S3,1790401717,filter_run,11.7
U24,U24_S3,1790401754,filter_run,10.9
U24,U24_S3,1790401813,template_used,1
U24,U24_S3,1790401813,complex_filter,1
U24,U24_S3,1790401813,filter_run,5.3
U24,U24_S3,1790401888,template_used,1
U24,U24_S3,1790401888,filter_run,8.1
U24,U24_S3,1790401932,template_used,1
U24,U24_S3,1790401932,filter_run,10.2
U24,U24_S4,1790401976,template_used,1
U24,U24_S4,1790401976,complex_filter,1
U24,U24_S4,1790401976,filter_run,8.0
U24,U24_S4,1790402031,filter_run,8.4
U24,U24_S4,1790402111,complex_filter,1
U24,U24_S4,1790402111,filter_run,9.0
U24,U24_S4,1790402196,template_used,1
U24,U24_S4,1790402196,filter_run,6.0
U24,U24_S4,1790402279,template_used,1
U24,U24_S4,1790402279,filter_run,7.9
U24,U24_S4,1790402303,complex_filter,1
U24,U24_S4,1790402303,filter_run,8.6
U24,U24_S4,1790402371,complex_filter,1
U24,U24_S4,1790402371,filter_run,10.2
U24,U24_S4,1790402408,template_used,1
U24,U24_S4,1790402408,complex_filter,1
U24,U24_S4,1790402408,filter_run,10.5
U24,U24_S4,1790402471,template_used,1
U24,U24_S4,1790402471,filter_run,8.8
U24,U24_S4,1790402531,template_used,1
U24,U24_S4,1790402531,complex_filter,1
U24,U24_S4,1790402531,filter_run,11.9
U25,U25_S1,1790500029,template_used,1
U25,U25_S1,1790500029,filter_run,16.0
U25,U25_S1,1790500081,complex_filter,1
U25,U25_S1,1790500081,filter_run,10.8
U25,U25_S1,1790500170,template_used,1
U25,U25_S1,1790500170,filter_run,4.3
U25,U25_S1,1790500241,complex_filter,1
U25,U25_S1,1790500241,filter_run,8.8
U25,U25_S1,1790500280,template_used,1
U25,U25_S1,1790500280,complex_filter,1
U25,U25_S1,1790500280,filter_run,6.7
U25,U25_S1,1790500329,filter_run,8.8
U25,U25_S1,1790500389,template_used,1
U25,U25_S1,1790500389,complex_filter,1
U25,U25_S1,1790500389,filter_run,14.5
U25,U25_S1,1790500465,template_used,1
U25,U25_S1,1790500465,filter_run,17.8
U25,U25_S1,1790500486,complex_filter,1
U25,U25_S1,1790500486,filter_run,18.0
U25,U25_S1,1790500560,template_used,1
U25,U25_S1,1790500560,complex_filter,1
U25,U25_S1,1790500560,filter_run,13.1
U25,U25_S2,1790500597,filter_run,13.6
U25,U25_S2,1790500667,template_used,1
U25,U25_S2,1790500667,complex_filter,1
U25,U25_S2,1790500667,filter_run,13.5
U25,U25_S2,1790500744,template_used,1
U25,U25_S2,1790500744,filter_run,14.3
U25,U25_S2,1790500786,complex_filter,1
U25,U25_S2,1790500786,filter_run,19.3
U25,U25_S2,1790500842,template_used,1
U25,U25_S2,1790500842,complex_filter,1
U25,U25_S2,1790500842,filter_run,16.0
U25,U25_S2,1790500909,template_used,1
U25,U25_S2,1790500909,complex_filter,1
U25,U25_S2,1790500909,filter_run,13.8
U25,U25_S2,1790500997,filter_run,14.1
U25,U25_S2,1790501043,template_used,1
U25,U25_S2,1790501043,filter_run,9.5
U25,U25_S2,1790501102,template_used,1
U25,U25_S2,1790501102,complex_filter,1
U25,U25_S2,1790501102,filter_run,13.6
U25,U25_S2,1790501122,template_used,1
U25,U25_S2,1790501122,filter_run,13.1
U25,U25_S3,1790501204,complex_filter,1
U25,U25_S3,1790501204,filter_run,15.1
U25,U25_S3,1790501282,complex_filter,1
U25,U25_S3,1790501282,filter_run,15.1
U25,U25_S3,1790501355,complex_filter,1
U25,U25_S3,1790501355,filter_run,8.1
U25,U25_S3,1790501398,template_used,1
U25,U25_S3,1790501398,complex_filter,1
U25,U25_S3,1790501398,filter_run,13.9
U25,U25_S3,1790501486,filter_run,11.7
U25,U25_S3,1790501533,template_used,1
U25,U25_S3,1790501533,complex_filter,1
U25,U25_S3,1790501533,filter_run,9.7
U25,U25_S3,1790501617,template_used,1
U25,U25_S3,1790501617,complex_filter,1
U25,U25_S3,1790501617,filter_run,16.1
U25,U25_S3,1790501701,template_used,1
U25,U25_S3,1790501701,filter_run,10.4
U25,U25_S3,1790501772,template_used,1
U25,U25_S3,1790501772,syntax_error,1
U25,U25_S3,1790501772,filter_run,13.3
U25,U25_S3,1790501833,template_used,1
U25,U25_S3,1790501833,complex_filter,1
U25,U25_S3,1790501833,filter_run,10.4
U25,U25_S3,1790501909,complex_filter,1
U25,U25_S3,1790501909,filter_run,9.2
U25,U25_S3,1790501931,template_used,1
U25,U25_S3,1790501931,filter_run,14.7
U25,U25_S3,1790501952,template_used,1
U25,U25_S3,1790501952,complex_filter,1
U25,U25_S3,1790501952,filter_run,16.2
U25,U25_S3,1790501976,template_used,1
U25,U25_S3,1790501976,complex_filter,1
U25,U25_S3,1790501976,filter_run,10.6
U25,U25_S4,1790502009,template_used,1
U25,U25_S4,1790502009,complex_filter,1
U25,U25_S4,1790502009,filter_run,10.0
U25,U25_S4,1790502077,complex_filter,1
U25,U25_S4,1790502077,filter_run,14.8
U25,U25_S4,1790502098,template_used,1
U25,U25_S4,1790502098,complex_filter,1
U25,U25_S4,1790502098,filter_run,14.0
U25,U25_S4,1790502130,complex_filter,1
U25,U25_S4,1790502130,filter_run,11.4
U25,U25_S4,1790502191,filter_run,13.1
U25,U25_S4,1790502261,template_used,1
U25,U25_S4,1790502261,complex_filter,1
U25,U25_S4,1790502261,filter_run,13.7
U25,U25_S4,1790502321,help_open,1
U25,U25_S4,1790502321,template_used,1
U25,U25_S4,1790502321,filter_run,14.9
U25,U25_S4,1790502376,template_used,1
U25,U25_S4,1790502376,complex_filter,1
U25,U25_S4,1790502376,filter_run,11.3
U25,U25_S4,1790502409,complex_filter,1
U25,U25_S4,1790502409,filter_run,15.9
U25,U25_S4,1790502461,filter_run,9.3
U25,U25_S4,1790502498,complex_filter,1
U25,U25_S4,1790502498,filter_run,6.0
U25,U25_S4,1790502579,template_used,1
U25,U25_S4,1790502579,complex_filter,1
U25,U25_S4,1790502579,filter_run,8.1
U25,U25_S4,1790502663,filter_run,12.2
U25,U25_S4,1790502698,filter_run,14.9
U25,U25_S4,1790502755,template_used,1
U25,U25_S4,1790502755,complex_filter,1
U25,U25_S4,1790502755,filter_run,13.4
U26,U26_S1,1790600086,template_used,1
U26,U26_S1,1790600086,filter_run,19.7
U26,U26_S1,1790600149,filter_run,25.0
U26,U26_S1,1790600200,filter_run,16.5
U26,U26_S1,1790600220,template_used,1
U26,U26_S1,1790600220,complex_filter,1
U26,U26_S1,1790600220,filter_run,18.6
U26,U26_S1,1790600258,template_used,1
U26,U26_S1,1790600258,filter_run,19.6
U26,U26_S1,1790600342,filter_run,16.4
U26,U26_S1,1790600393,filter_run,21.4
U26,U26_S1,1790600474,complex_filter,1
U26,U26_S1,1790600474,filter_run,18.4
U26,U26_S1,1790600550,complex_filter,1
U26,U26_S1,1790600550,filter_run,23.0
U26,U26_S1,1790600618,template_used,1
U26,U26_S1,1790600618,complex_filter,1
U26,U26_S1,1790600618,filter_run,17.6
U26,U26_S2,1790600657,template_used,1
U26,U26_S2,1790600657,complex_filter,1
U26,U26_S2,1790600657,filter_run,17.3
U26,U26_S2,1790600738,template_used,1
U26,U26_S2,1790600738,complex_filter,1
U26,U26_S2,1790600738,filter_run,23.0
U26,U26_S2,1790600782,help_open,1
U26,U26_S2,1790600782,complex_filter,1
U26,U26_S2,1790600782,filter_run,15.1
U26,U26_S2,1790600852,template_used,1
U26,U26_S2,1790600852,filter_run,20.5
U26,U26_S2,1790600881,template_used,1
U26,U26_S2,1790600881,complex_filter,1
U26,U26_S2,1790600881,filter_run,16.0
U26,U26_S2,1790600956,complex_filter,1
U26,U26_S2,1790600956,filter_run,17.3
U26,U26_S2,1790601038,template_used,1
U26,U26_S2,1790601038,syntax_error,1
U26,U26_S2,1790601038,complex_filter,1
U26,U26_S2,1790601038,filter_run,18.4
U26,U26_S2,1790601104,filter_run,22.6
U26,U26_S2,1790601157,complex_filter,1
U26,U26_S2,1790601157,filter_run,13.4
U26,U26_S2,1790601197,help_open,1
U26,U26_S2,1790601197,filter_run,15.7
U26,U26_S2,1790601267,filter_run,19.9
U26,U26_S2,1790601341,template_used,1
U26,U26_S2,1790601341,filter_run,16.7
U26,U26_S2,1790601409,filter_run,19.5
U26,U26_S2,1790601473,template_used,1
U26,U26_S2,1790601473,filter_run,17.0
U26,U26_S3,1790601532,help_open,1
U26,U26_S3,1790601532,template_used,1
U26,U26_S3,1790601532,complex_filter,1
U26,U26_S3,1790601532,filter_run,18.3
U26,U26_S3,1790601605,complex_filter,1
U26,U26_S3,1790601605,filter_run,13.8
U26,U26_S3,1790601642,template_used,1
U26,U26_S3,1790601642,complex_filter,1
U26,U26_S3,1790601642,filter_run,18.6
U26,U26_S3,1790601669,filter_run,15.5
U26,U26_S3,1790601741,filter_run,19.1
U26,U26_S3,1790601776,template_used,1
U26,U26_S3,1790601776,complex_filter,1
U26,U26_S3,1790601776,filter_run,18.5
U26,U26_S3,1790601808,help_open,1
U26,U26_S3,1790601808,template_used,1
U26,U26_S3,1790601808,filter_run,18.0
U26,U26_S3,1790601855,template_used,1
U26,U26_S3,1790601855,filter_run,16.6
U26,U26_S3,1790601909,template_used,1
U26,U26_S3,1790601909,complex_filter,1
U26,U26_S3,1790601909,filter_run,12.2
U26,U26_S3,1790601969,complex_filter,1
U26,U26_S3,1790601969,filter_run,23.4
U26,U26_S3,1790601996,complex_filter,1
U26,U26_S3,1790601996,filter_run,20.3
U26,U26_S3,1790602033,template_used,1
U26,U26_S3,1790602033,filter_run,14.9
U26,U26_S3,1790602084,complex_filter,1
U26,U26_S3,1790602084,filter_run,15.6
U26,U26_S3,1790602145,help_open,1
U26,U26_S3,1790602145,template_used,1
U26,U26_S3,1790602145,semantic_error,1
U26,U26_S3,1790602145,complex_filter,1
U26,U26_S3,1790602145,filter_run,18.9
U26,U26_S3,1790602221,template_used,1
U26,U26_S3,1790602221,filter_run,12.5
U26,U26_S4,1790602253,template_used,1
U26,U26_S4,1790602253,complex_filter,1
U26,U26_S4,1790602253,filter_run,24.4
U26,U26_S4,1790602339,complex_filter,1
U26,U26_S4,1790602339,filter_run,15.5
U26,U26_S4,1790602429,template_used,1
U26,U26_S4,1790602429,filter_run,17.1
U26,U26_S4,1790602510,template_used,1
U26,U26_S4,1790602510,filter_run,16.2
U26,U26_S4,1790602585,template_used,1
U26,U26_S4,1790602585,complex_filter,1
U26,U26_S4,1790602585,filter_run,15.7
U26,U26_S4,1790602654,template_used,1
U26,U26_S4,1790602654,complex_filter,1
U26,U26_S4,1790602654,filter_run,18.6
U26,U26_S4,1790602691,filter_run,15.9
U26,U26_S4,1790602753,filter_run,14.8
U26,U26_S4,1790602821,complex_filter,1
U26,U26_S4,1790602821,filter_run,14.2
U26,U26_S4,1790602870,template_used,1
U26,U26_S4,1790602870,complex_filter,1
U26,U26_S4,1790602870,filter_run,16.6
U26,U26_S4,1790602904,template_used,1
U26,U26_S4,1790602904,complex_filter,1
U26,U26_S4,1790602904,filter_run,8.2
U26,U26_S4,1790602924,complex_filter,1
U26,U26_S4,1790602924,filter_run,11.3
U26,U26_S4,1790602960,complex_filter,1
U26,U26_S4,1790602960,filter_run,20.1
U27,U27_S1,1790700038,template_used,1
U27,U27_S1,1790700038,complex_filter,1
U27,U27_S1,1790700038,filter_run,15.2
U27,U27_S1,1790700097,complex_filter,1
U27,U27_S1,1790700097,filter_run,12.2
U27,U27_S1,1790700178,template_used,1
U27,U27_S1,1790700178,filter_run,22.1
U27,U27_S1,1790700217,template_used,1
U27,U27_S1,1790700217,complex_filter,1
U27,U27_S1,1790700217,filter_run,18.7
U27,U27_S1,1790700243,complex_filter,1
U27,U27_S1,1790700243,filter_run,14.7
U27,U27_S1,1790700283,complex_filter,1
U27,U27_S1,1790700283,filter_run,22.3
U27,U27_S1,1790700347,template_used,1
U27,U27_S1,1790700347,complex_filter,1
U27,U27_S1,1790700347,filter_run,15.8
U27,U27_S1,1790700437,template_used,1
U27,U27_S1,1790700437,complex_filter,1
U27,U27_S1,1790700437,filter_run,14.4
U27,U27_S1,1790700463,complex_filter,1
U27,U27_S1,1790700463,filter_run,19.8
U27,U27_S1,1790700520,template_used,1
U27,U27_S1,1790700520,complex_filter,1
U27,U27_S1,1790700520,filter_run,20.4
U27,U27_S1,1790700541,complex_filter,1
U27,U27_S1,1790700541,filter_run,18.5
U27,U27_S1,1790700615,template_used,1
U27,U27_S1,1790700615,complex_filter,1
U27,U27_S1,1790700615,filter_run,14.0
U27,U27_S1,1790700695,template_used,1
U27,U27_S1,1790700695,complex_filter,1
U27,U27_S1,1790700695,filter_run,9.2
U27,U27_S2,1790700766,template_used,1
U27,U27_S2,1790700766,complex_filter,1
U27,U27_S2,1790700766,filter_run,10.8
U27,U27_S2,1790700808,template_used,1
U27,U27_S2,1790700808,complex_filter,1
U27,U27_S2,1790700808,filter_run,12.6
U27,U27_S2,1790700876,complex_filter,1
U27,U27_S2,1790700876,filter_run,10.9
U27,U27_S2,1790700906,complex_filter,1
U27,U27_S2,1790700906,filter_run,7.3
U27,U27_S2,1790700987,complex_filter,1
U27,U27_S2,1790700987,filter_run,10.6
U27,U27_S2,1790701068,complex_filter,1
U27,U27_S2,1790701068,filter_run,13.3
U27,U27_S2,1790701156,syntax_error,1
U27,U27_S2,1790701156,complex_filter,1
U27,U27_S2,1790701156,filter_run,20.3
U27,U27_S2,1790701243,complex_filter,1
U27,U27_S2,1790701243,filter_run,16.1
U27,U27_S2,1790701289,complex_filter,1
U27,U27_S2,1790701289,filter_run,14.0
U27,U27_S2,1790701332,help_open,1
U27,U27_S2,1790701332,complex_filter,1
U27,U27_S2,1790701332,filter_run,11.4
U27,U27_S2,1790701363,semantic_error,1
U27,U27_S2,1790701363,complex_filter,1
U27,U27_S2,1790701363,filter_run,13.5
U27,U27_S2,1790701429,template_used,1
U27,U27_S2,1790701429,complex_filter,1
U27,U27_S2,1790701429,filter_run,15.7
U27,U27_S2,1790701515,template_used,1
U27,U27_S2,1790701515,complex_filter,1
U27,U27_S2,1790701515,filter_run,16.7
U27,U27_S2,1790701597,complex_filter,1
U27,U27_S2,1790701597,filter_run,13.5
U27,U27_S2,1790701629,template_used,1
U27,U27_S2,1790701629,syntax_error,1
U27,U27_S2,1790701629,complex_filter,1
U27,U27_S2,1790701629,filter_run,15.1
U27,U27_S3,1790701666,template_used,1
U27,U27_S3,1790701666,complex_filter,1
U27,U27_S3,1790701666,filter_run,13.9
U27,U27_S3,1790701718,complex_filter,1
U27,U27_S3,1790701718,filter_run,13.9
U27,U27_S3,1790701770,complex_filter,1
U27,U27_S3,1790701770,filter_run,13.0
U27,U27_S3,1790701814,complex_filter,1
U27,U27_S3,1790701814,filter_run,12.9
U27,U27_S3,1790701854,template_used,1
U27,U27_S3,1790701854,complex_filter,1
U27,U27_S3,1790701854,filter_run,19.3
U27,U27_S3,1790701883,complex_filter,1
U27,U27_S3,1790701883,filter_run,15.6
U27,U27_S3,1790701945,template_used,1
U27,U27_S3,1790701945,complex_filter,1
U27,U27_S3,1790701945,filter_run,16.4
U27,U27_S3,1790701966,filter_run,13.1
U27,U27_S3,1790702001,complex_filter,1
U27,U27_S3,1790702001,filter_run,10.8
U27,U27_S3,1790702057,complex_filter,1
U27,U27_S3,1790702057,filter_run,15.1
U27,U27_S3,1790702126,complex_filter,1
U27,U27_S3,1790702126,filter_run,8.4
U27,U27_S4,1790702207,template_used,1
U27,U27_S4,1790702207,complex_filter,1
U27,U27_S4,1790702207,filter_run,11.8
U27,U27_S4,1790702243,filter_run,12.0
U27,U27_S4,1790702294,complex_filter,1
U27,U27_S4,1790702294,filter_run,11.6
U27,U27_S4,1790702359,complex_filter,1
U27,U27_S4,1790702359,filter_run,20.4
U27,U27_S4,1790702408,complex_filter,1
U27,U27_S4,1790702408,filter_run,11.6
U27,U27_S4,1790702468,complex_filter,1
U27,U27_S4,1790702468,filter_run,17.6
U27,U27_S4,1790702498,complex_filter,1
U27,U27_S4,1790702498,filter_run,16.4
U27,U27_S4,1790702572,complex_filter,1
U27,U27_S4,1790702572,filter_run,12.1
U27,U27_S4,1790702660,filter_run,9.5
U27,U27_S4,1790702680,complex_filter,1
U27,U27_S4,1790702680,filter_run,13.5
U27,U27_S4,1790702767,template_used,1
U27,U27_S4,1790702767,complex_filter,1
U27,U27_S4,1790702767,filter_run,5.9
U27,U27_S4,1790702854,template_used,1
U27,U27_S4,1790702854,complex_filter,1
U27,U27_S4,1790702854,filter_run,13.4
U27,U27_S4,1790702937,template_used,1
U27,U27_S4,1790702937,filter_run,14.9
U28,U28_S1,1790800020,template_used,1
U28,U28_S1,1790800020,complex_filter,1
U28,U28_S1,1790800020,filter_run,16.2
U28,U28_S1,1790800044,complex_filter,1
U28,U28_S1,1790800044,filter_run,11.3
U28,U28_S1,1790800064,template_used,1
U28,U28_S1,1790800064,complex_filter,1
U28,U28_S1,1790800064,filter_run,14.1
U28,U28_S1,1790800129,help_open,1
U28,U28_S1,1790800129,template_used,1
U28,U28_S1,1790800129,complex_filter,1
U28,U28_S1,1790800129,filter_run,11.8
U28,U28_S1,1790800168,semantic_error,1
U28,U28_S1,1790800168,complex_filter,1
U28,U28_S1,1790800168,filter_run,10.4
U28,U28_S1,1790800234,template_used,1
U28,U28_S1,1790800234,complex_filter,1
U28,U28_S1,1790800234,filter_run,13.3
U28,U28_S1,1790800310,template_used,1
U28,U28_S1,1790800310,filter_run,18.1
U28,U28_S1,1790800355,template_used,1
U28,U28_S1,1790800355,complex_filter,1
U28,U28_S1,1790800355,filter_run,13.0
U28,U28_S1,1790800417,template_used,1
U28,U28_S1,1790800417,complex_filter,1
U28,U28_S1,1790800417,filter_run,11.8
U28,U28_S1,1790800490,template_used,1
U28,U28_S1,1790800490,complex_filter,1
U28,U28_S1,1790800490,filter_run,11.1
U28,U28_S1,1790800561,complex_filter,1
U28,U28_S1,1790800561,filter_run,13.7
U28,U28_S2,1790800597,template_used,1
U28,U28_S2,1790800597,complex_filter,1
U28,U28_S2,1790800597,filter_run,13.2
U28,U28_S2,1790800660,template_used,1
U28,U28_S2,1790800660,syntax_error,1
U28,U28_S2,1790800660,complex_filter,1
U28,U28_S2,1790800660,filter_run,14.8
U28,U28_S2,1790800699,template_used,1
U28,U28_S2,1790800699,complex_filter,1
U28,U28_S2,1790800699,filter_run,13.8
U28,U28_S2,1790800752,template_used,1
U28,U28_S2,1790800752,complex_filter,1
U28,U28_S2,1790800752,filter_run,11.2
U28,U28_S2,1790800836,template_used,1
U28,U28_S2,1790800836,filter_run,7.9
U28,U28_S2,1790800875,template_used,1
U28,U28_S2,1790800875,semantic_error,1
U28,U28_S2,1790800875,filter_run,9.3
U28,U28_S2,1790800906,template_used,1
U28,U28_S2,1790800906,filter_run,14.0
U28,U28_S2,1790800955,template_used,1
U28,U28_S2,1790800955,complex_filter,1
U28,U28_S2,1790800955,filter_run,13.6
U28,U28_S2,1790801021,template_used,1
U28,U28_S2,1790801021,complex_filter,1
U28,U28_S2,1790801021,filter_run,12.8
U28,U28_S2,1790801047,template_used,1
U28,U28_S2,1790801047,complex_filter,1
U28,U28_S2,1790801047,filter_run,12.0
U28,U28_S3,1790801079,template_used,1
U28,U28_S3,1790801079,complex_filter,1
U28,U28_S3,1790801079,filter_run,14.1
U28,U28_S3,1790801113,template_used,1
U28,U28_S3,1790801113,filter_run,10.0
U28,U28_S3,1790801179,template_used,1
U28,U28_S3,1790801179,complex_filter,1
U28,U28_S3,1790801179,filter_run,15.7
U28,U28_S3,1790801234,template_used,1
U28,U28_S3,1790801234,complex_filter,1
U28,U28_S3,1790801234,filter_run,12.0
U28,U28_S3,1790801278,template_used,1
U28,U28_S3,1790801278,filter_run,10.8
U28,U28_S3,1790801341,template_used,1
U28,U28_S3,1790801341,complex_filter,1
U28,U28_S3,1790801341,filter_run,12.8
U28,U28_S3,1790801414,template_used,1
U28,U28_S3,1790801414,filter_run,13.1
U28,U28_S3,1790801478,template_used,1
U28,U28_S3,1790801478,filter_run,14.5
U28,U28_S3,1790801562,template_used,1
U28,U28_S3,1790801562,filter_run,13.1
U28,U28_S3,1790801619,template_used,1
U28,U28_S3,1790801619,filter_run,11.9
U28,U28_S3,1790801707,filter_run,9.5
U28,U28_S3,1790801776,template_used,1
U28,U28_S3,1790801776,complex_filter,1
U28,U28_S3,1790801776,filter_run,15.4
U28,U28_S3,1790801797,filter_run,12.1
U28,U28_S3,1790801884,complex_filter,1
U28,U28_S3,1790801884,filter_run,13.4
U28,U28_S4,1790801934,template_used,1
U28,U28_S4,1790801934,complex_filter,1
U28,U28_S4,1790801934,filter_run,12.9
U28,U28_S4,1790801971,complex_filter,1
U28,U28_S4,1790801971,filter_run,13.1
U28,U28_S4,1790801991,template_used,1
U28,U28_S4,1790801991,complex_filter,1
U28,U28_S4,1790801991,filter_run,8.8
U28,U28_S4,1790802081,template_used,1
U28,U28_S4,1790802081,complex_filter,1
U28,U28_S4,1790802081,filter_run,15.2
U28,U28_S4,1790802102,template_used,1
U28,U28_S4,1790802102,complex_filter,1
U28,U28_S4,1790802102,filter_run,11.3
U28,U28_S4,1790802124,filter_run,15.0
U28,U28_S4,1790802192,template_used,1
U28,U28_S4,1790802192,filter_run,14.3
U28,U28_S4,1790802238,template_used,1
U28,U28_S4,1790802238,complex_filter,1
U28,U28_S4,1790802238,filter_run,13.2
U28,U28_S4,1790802277,complex_filter,1
U28,U28_S4,1790802277,filter_run,7.7
U28,U28_S4,1790802358,template_used,1
U28,U28_S4,1790802358,filter_run,12.8
U28,U28_S4,1790802401,template_used,1
U28,U28_S4,1790802401,complex_filter,1
U28,U28_S4,1790802401,filter_run,14.4
U28,U28_S4,1790802471,template_used,1
U28,U28_S4,1790802471,complex_filter,1
U28,U28_S4,1790802471,filter_run,8.1
U28,U28_S4,1790802542,template_used,1
U28,U28_S4,1790802542,filter_run,12.7
U28,U28_S4,1790802574,template_used,1
U28,U28_S4,1790802574,filter_run,11.2
U29,U29_S1,1790900089,template_used,1
U29,U29_S1,1790900089,complex_filter,1
U29,U29_S1,1790900089,filter_run,12.2
U29,U29_S1,1790900170,complex_filter,1
U29,U29_S1,1790900170,filter_run,10.9
U29,U29_S1,1790900259,filter_run,13.0
U29,U29_S1,1790900292,template_used,1
U29,U29_S1,1790900292,complex_filter,1
U29,U29_S1,1790900292,filter_run,14.6
U29,U29_S1,1790900341,template_used,1
U29,U29_S1,1790900341,complex_filter,1
U29,U29_S1,1790900341,filter_run,12.8
U29,U29_S1,1790900410,filter_run,14.6
U29,U29_S1,1790900466,filter_run,12.7
U29,U29_S1,1790900496,filter_run,9.7
U29,U29_S1,1790900535,complex_filter,1
U29,U29_S1,1790900535,filter_run,10.5
U29,U29_S1,1790900568,complex_filter,1
U29,U29_S1,1790900568,filter_run,16.6
U29,U29_S2,1790900607,template_used,1
U29,U29_S2,1790900607,filter_run,9.0
U29,U29_S2,1790900688,template_used,1
U29,U29_S2,1790900688,filter_run,12.9
U29,U29_S2,1790900724,template_used,1
U29,U29_S2,1790900724,complex_filter,1
U29,U29_S2,1790900724,filter_run,13.3
U29,U29_S2,1790900796,filter_run,13.8
U29,U29_S2,1790900886,filter_run,10.4
U29,U29_S2,1790900955,filter_run,12.2
U29,U29_S2,1790900986,template_used,1
U29,U29_S2,1790900986,complex_filter,1
U29,U29_S2,1790900986,filter_run,9.9
U29,U29_S2,1790901066,complex_filter,1
U29,U29_S2,1790901066,filter_run,14.5
U29,U29_S2,1790901103,template_used,1
U29,U29_S2,1790901103,filter_run,7.4
U29,U29_S2,1790901176,complex_filter,1
U29,U29_S2,1790901176,filter_run,15.4
U29,U29_S3,1790901199,complex_filter,1
U29,U29_S3,1790901199,filter_run,9.4
U29,U29_S3,1790901228,complex_filter,1
U29,U29_S3,1790901228,filter_run,11.5
U29,U29_S3,1790901249,complex_filter,1
U29,U29_S3,1790901249,filter_run,11.8
U29,U29_S3,1790901286,complex_filter,1
U29,U29_S3,1790901286,filter_run,8.0
U29,U29_S3,1790901307,template_used,1
U29,U29_S3,1790901307,complex_filter,1
U29,U29_S3,1790901307,filter_run,14.1
U29,U29_S3,1790901349,template_used,1
U29,U29_S3,1790901349,filter_run,12.6
U29,U29_S3,1790901402,complex_filter,1
U29,U29_S3,1790901402,filter_run,8.0
U29,U29_S3,1790901442,template_used,1
U29,U29_S3,1790901442,filter_run,10.2
U29,U29_S3,1790901469,template_used,1
U29,U29_S3,1790901469,filter_run,7.7
U29,U29_S3,1790901498,filter_run,11.0
U29,U29_S3,1790901565,template_used,1
U29,U29_S3,1790901565,complex_filter,1
U29,U29_S3,1790901565,filter_run,9.0
U29,U29_S3,1790901627,template_used,1
U29,U29_S3,1790901627,complex_filter,1
U29,U29_S3,1790901627,filter_run,6.8
U29,U29_S3,1790901686,template_used,1
U29,U29_S3,1790901686,complex_filter,1
U29,U29_S3,1790901686,filter_run,7.8
U29,U29_S4,1790901711,complex_filter,1
U29,U29_S4,1790901711,filter_run,9.4
U29,U29_S4,1790901776,complex_filter,1
U29,U29_S4,1790901776,filter_run,9.0
U29,U29_S4,1790901846,complex_filter,1
U29,U29_S4,1790901846,filter_run,5.6
U29,U29_S4,1790901878,filter_run,11.4
U29,U29_S4,1790901959,complex_filter,1
U29,U29_S4,1790901959,filter_run,4.0
U29,U29_S4,1790901990,template_used,1
U29,U29_S4,1790901990,filter_run,10.3
U29,U29_S4,1790902028,template_used,1
U29,U29_S4,1790902028,filter_run,8.6
U29,U29_S4,1790902091,template_used,1
U29,U29_S4,1790902091,filter_run,5.4
U29,U29_S4,1790902166,complex_filter,1
U29,U29_S4,1790902166,filter_run,12.6
U29,U29_S4,1790902205,complex_filter,1
U29,U29_S4,1790902205,filter_run,9.0
U30,U30_S1,1791000060,template_used,1
U30,U30_S1,1791000060,complex_filter,1
U30,U30_S1,1791000060,filter_run,18.5
U30,U30_S1,1791000138,template_used,1
U30,U30_S1,1791000138,complex_filter,1
U30,U30_S1,1791000138,filter_run,20.6
U30,U30_S1,1791000175,complex_filter,1
U30,U30_S1,1791000175,filter_run,18.5
U30,U30_S1,1791000211,template_used,1
U30,U30_S1,1791000211,complex_filter,1
U30,U30_S1,1791000211,filter_run,23.3
U30,U30_S1,1791000241,template_used,1
U30,U30_S1,1791000241,complex_filter,1
U30,U30_S1,1791000241,filter_run,17.2
U30,U30_S1,1791000268,template_used,1
U30,U30_S1,1791000268,complex_filter,1
U30,U30_S1,1791000268,filter_run,14.5
U30,U30_S1,1791000301,template_used,1
U30,U30_S1,1791000301,complex_filter,1
U30,U30_S1,1791000301,filter_run,16.1
U30,U30_S1,1791000332,template_used,1
U30,U30_S1,1791000332,complex_filter,1
U30,U30_S1,1791000332,filter_run,22.2
U30,U30_S1,1791000365,filter_run,19.7
U30,U30_S1,1791000427,template_used,1
U30,U30_S1,1791000427,complex_filter,1
U30,U30_S1,1791000427,filter_run,16.8
U30,U30_S1,1791000507,template_used,1
U30,U30_S1,1791000507,filter_run,21.1
U30,U30_S1,1791000531,complex_filter,1
U30,U30_S1,1791000531,filter_run,21.5
U30,U30_S1,1791000606,template_used,1
U30,U30_S1,1791000606,complex_filter,1
U30,U30_S1,1791000606,filter_run,19.6
U30,U30_S2,1791000648,template_used,1
U30,U30_S2,1791000648,complex_filter,1
U30,U30_S2,1791000648,filter_run,14.4
U30,U30_S2,1791000725,template_used,1
U30,U30_S2,1791000725,complex_filter,1
U30,U30_S2,1791000725,filter_run,19.3
U30,U30_S2,1791000799,complex_filter,1
U30,U30_S2,1791000799,filter_run,16.9
U30,U30_S2,1791000872,template_used,1
U30,U30_S2,1791000872,filter_run,10.5
U30,U30_S2,1791000941,template_used,1
U30,U30_S2,1791000941,complex_filter,1
U30,U30_S2,1791000941,filter_run,21.8
U30,U30_S2,1791000979,complex_filter,1
U30,U30_S2,1791000979,filter_run,18.2
U30,U30_S2,1791001018,complex_filter,1
U30,U30_S2,1791001018,filter_run,15.1
U30,U30_S2,1791001090,filter_run,21.9
U30,U30_S2,1791001122,complex_filter,1
U30,U30_S2,1791001122,filter_run,14.1
U30,U30_S2,1791001163,template_used,1
U30,U30_S2,1791001163,complex_filter,1
U30,U30_S2,1791001163,filter_run,14.3
U30,U30_S2,1791001230,template_used,1
U30,U30_S2,1791001230,complex_filter,1
U30,U30_S2,1791001230,filter_run,9.7
U30,U30_S2,1791001265,template_used,1
U30,U30_S2,1791001265,complex_filter,1
U30,U30_S2,1791001265,filter_run,15.5
U30,U30_S3,1791001327,template_used,1
U30,U30_S3,1791001327,complex_filter,1
U30,U30_S3,1791001327,filter_run,21.4
U30,U30_S3,1791001367,template_used,1
U30,U30_S3,1791001367,complex_filter,1
U30,U30_S3,1791001367,filter_run,14.5
U30,U30_S3,1791001399,complex_filter,1
U30,U30_S3,1791001399,filter_run,18.7
U30,U30_S3,1791001471,complex_filter,1
U30,U30_S3,1791001471,filter_run,14.4
U30,U30_S3,1791001495,complex_filter,1
U30,U30_S3,1791001495,filter_run,14.1
U30,U30_S3,1791001585,template_used,1
U30,U30_S3,1791001585,complex_filter,1
U30,U30_S3,1791001585,filter_run,25.9
U30,U30_S3,1791001657,template_used,1
U30,U30_S3,1791001657,complex_filter,1
U30,U30_S3,1791001657,filter_run,15.7
U30,U30_S3,1791001724,template_used,1
U30,U30_S3,1791001724,complex_filter,1
U30,U30_S3,1791001724,filter_run,14.5
U30,U30_S3,1791001797,template_used,1
U30,U30_S3,1791001797,complex_filter,1
U30,U30_S3,1791001797,filter_run,25.3
U30,U30_S3,1791001820,template_used,1
U30,U30_S3,1791001820,complex_filter,1
U30,U30_S3,1791001820,filter_run,14.6
U30,U30_S3,1791001895,complex_filter,1
U30,U30_S3,1791001895,filter_run,15.4
U30,U30_S3,1791001921,template_used,1
U30,U30_S3,1791001921,complex_filter,1
U30,U30_S3,1791001921,filter_run,19.8
U30,U30_S3,1791001981,template_used,1
U30,U30_S3,1791001981,complex_filter,1
U30,U30_S3,1791001981,filter_run,17.1
U30,U30_S3,1791002065,template_used,1
U30,U30_S3,1791002065,complex_filter,1
U30,U30_S3,1791002065,filter_run,23.9
U30,U30_S4,1791002126,template_used,1
U30,U30_S4,1791002126,complex_filter,1
U30,U30_S4,1791002126,filter_run,12.8
U30,U30_S4,1791002165,template_used,1
U30,U30_S4,1791002165,complex_filter,1
U30,U30_S4,1791002165,filter_run,11.8
U30,U30_S4,1791002201,template_used,1
U30,U30_S4,1791002201,complex_filter,1
U30,U30_S4,1791002201,filter_run,20.8
U30,U30_S4,1791002249,template_used,1
U30,U30_S4,1791002249,complex_filter,1
U30,U30_S4,1791002249,filter_run,18.0
U30,U30_S4,1791002275,complex_filter,1
U30,U30_S4,1791002275,filter_run,10.0
U30,U30_S4,1791002308,complex_filter,1
U30,U30_S4,1791002308,filter_run,16.3
U30,U30_S4,1791002337,template_used,1
U30,U30_S4,1791002337,complex_filter,1
U30,U30_S4,1791002337,filter_run,18.9
U30,U30_S4,1791002419,template_used,1
U30,U30_S4,1791002419,complex_filter,1
U30,U30_S4,1791002419,filter_run,17.5
U30,U30_S4,1791002479,template_used,1
U30,U30_S4,1791002479,complex_filter,1
U30,U30_S4,1791002479,filter_run,20.4
U30,U30_S4,1791002521,template_used,1
U30,U30_S4,1791002521,complex_filter,1
U30,U30_S4,1791002521,filter_run,14.5
U30,U30_S4,1791002610,help_open,1
U30,U30_S4,1791002610,template_used,1
U30,U30_S4,1791002610,complex_filter,1
U30,U30_S4,1791002610,filter_run,19.5
