user_id,session_id,timestamp,attempt_id,event_type,value,or_count,not_count,max_depth
U01,U01_S1,1790906488,U01_S1_A01,semantic_error,1,0,0,0
U01,U01_S1,1790906488,U01_S1_A01,saved_rule_reused,1,0,0,0
U01,U01_S1,1790906488,U01_S1_A01,rule_submit,82.3,0,0,0
U01,U01_S1,1790906530,U01_S1_A02,syntax_error,1,0,0,0
U01,U01_S1,1790906530,U01_S1_A02,rule_submit,36.5,0,0,0
U01,U01_S1,1790906616,U01_S1_A03,semantic_error,1,0,0,0
U01,U01_S1,1790906616,U01_S1_A03,rule_submit,80.1,0,0,0
U01,U01_S1,1790906715,U01_S1_A04,rule_submit,93.2,0,0,0
U01,U01_S1,1790906786,U01_S1_A05,rule_submit,65.3,0,0,0
U01,U01_S1,1790906875,U01_S1_A06,rule_submit,83.5,1,0,0
U01,U01_S1,1790906960,U01_S1_A07,rule_submit,79.6,0,0,0
U01,U01_S1,1790907022,U01_S1_A08,rule_submit,56.1,0,0,0
U01,U01_S1,1790907129,U01_S1_A09,rule_submit,101.9,0,0,0
U01,U01_S1,1790907228,U01_S1_A10,syntax_error,1,0,0,0
U01,U01_S1,1790907228,U01_S1_A10,rule_submit,93.3,0,0,0
U01,U01_S1,1790907320,U01_S1_A11,semantic_error,1,0,0,0
U01,U01_S1,1790907320,U01_S1_A11,saved_rule_reused,1,0,0,0
U01,U01_S1,1790907320,U01_S1_A11,rule_submit,86.2,0,0,0
U01,U01_S1,1790907412,U01_S1_A12,rule_submit,86.5,0,0,0
U01,U01_S2,1790913671,U01_S2_A01,syntax_error,1,0,0,0
U01,U01_S2,1790913671,U01_S2_A01,rule_submit,66.0,0,0,0
U01,U01_S2,1790913756,U01_S2_A02,rule_submit,79.7,0,0,0
U01,U01_S2,1790913837,U01_S2_A03,rule_submit,75.5,0,0,2
U01,U01_S2,1790913922,U01_S2_A04,syntax_error,1,0,0,0
U01,U01_S2,1790913922,U01_S2_A04,semantic_error,1,0,0,0
U01,U01_S2,1790913922,U01_S2_A04,rule_submit,79.5,0,0,0
U01,U01_S2,1790914025,U01_S2_A05,syntax_error,1,0,0,0
U01,U01_S2,1790914025,U01_S2_A05,rule_submit,97.1,1,0,0
U01,U01_S2,1790914091,U01_S2_A06,rule_submit,60.6,0,0,0
U01,U01_S2,1790914169,U01_S2_A07,rule_submit,72.5,0,0,0
U01,U01_S2,1790914249,U01_S2_A08,rule_submit,74.7,0,0,0
U01,U01_S2,1790914320,U01_S2_A09,rule_submit,65.9,0,0,0
U01,U01_S2,1790914385,U01_S2_A10,semantic_error,1,0,0,0
U01,U01_S2,1790914385,U01_S2_A10,rule_submit,59.7,0,0,0
U01,U01_S2,1790914472,U01_S2_A11,rule_submit,81.5,0,0,0
U01,U01_S2,1790914536,U01_S2_A12,rule_submit,58.5,0,0,0
U01,U01_S3,1790920850,U01_S3_A01,rule_submit,44.9,0,0,0
U01,U01_S3,1790920936,U01_S3_A02,rule_submit,80.1,0,0,0
U01,U01_S3,1790921010,U01_S3_A03,rule_submit,68.7,0,0,0
U01,U01_S3,1790921078,U01_S3_A04,semantic_error,1,0,0,0
U01,U01_S3,1790921078,U01_S3_A04,rule_submit,62.1,0,0,0
U01,U01_S3,1790921152,U01_S3_A05,rule_submit,68.1,0,0,0
U01,U01_S3,1790921230,U01_S3_A06,syntax_error,1,0,0,0
U01,U01_S3,1790921230,U01_S3_A06,rule_submit,72.9,1,0,0
U01,U01_S3,1790921311,U01_S3_A07,rule_submit,75.7,0,0,0
U01,U01_S3,1790921396,U01_S3_A08,rule_submit,79.2,0,0,0
U01,U01_S3,1790921476,U01_S3_A09,rule_submit,74.9,0,0,0
U01,U01_S3,1790921552,U01_S3_A10,rule_submit,70.5,0,0,0
U01,U01_S3,1790921639,U01_S3_A11,rule_submit,81.1,0,0,0
U01,U01_S3,1790921709,U01_S3_A12,rule_submit,64.6,0,0,0
U01,U01_S4,1790928088,U01_S4_A01,rule_submit,82.9,0,0,0
U01,U01_S4,1790928161,U01_S4_A02,saved_rule_reused,1,0,0,0
U01,U01_S4,1790928161,U01_S4_A02,rule_submit,67.5,0,0,0
U01,U01_S4,1790928231,U01_S4_A03,rule_submit,64.5,0,0,0
U01,U01_S4,1790928312,U01_S4_A04,syntax_error,1,0,0,0
U01,U01_S4,1790928312,U01_S4_A04,rule_submit,75.8,0,0,0
U01,U01_S4,1790928381,U01_S4_A05,semantic_error,1,0,0,0
U01,U01_S4,1790928381,U01_S4_A05,rule_submit,63.4,0,0,0
U01,U01_S4,1790928468,U01_S4_A06,rule_submit,81.2,0,0,0
U01,U01_S4,1790928531,U01_S4_A07,rule_submit,58.0,0,0,0
U01,U01_S4,1790928607,U01_S4_A08,rule_submit,70.9,0,0,0
U01,U01_S4,1790928708,U01_S4_A09,rule_submit,95.5,0,0,2
U01,U01_S4,1790928788,U01_S4_A10,rule_submit,75.0,0,0,0
U01,U01_S4,1790928851,U01_S4_A11,syntax_error,1,0,0,0
U01,U01_S4,1790928851,U01_S4_A11,semantic_error,1,0,0,0
U01,U01_S4,1790928851,U01_S4_A11,saved_rule_reused,1,0,0,0
U01,U01_S4,1790928851,U01_S4_A11,rule_submit,57.3,1,0,0
U01,U01_S4,1790928930,U01_S4_A12,syntax_error,1,0,0,0
U01,U01_S4,1790928930,U01_S4_A12,rule_submit,73.9,0,0,0
U02,U02_S1,1790992876,U02_S1_A01,rule_submit,70.7,0,0,0
U02,U02_S1,1790992951,U02_S1_A02,syntax_error,1,0,0,0
U02,U02_S1,1790992951,U02_S1_A02,rule_submit,69.5,0,1,0
U02,U02_S1,1790993016,U02_S1_A03,syntax_error,1,0,0,0
U02,U02_S1,1790993016,U02_S1_A03,rule_submit,59.5,0,0,0
U02,U02_S1,1790993098,U02_S1_A04,syntax_error,1,0,0,0
U02,U02_S1,1790993098,U02_S1_A04,rule_submit,76.6,0,0,0
U02,U02_S1,1790993157,U02_S1_A05,rule_submit,53.3,0,0,0
U02,U02_S1,1790993245,U02_S1_A06,rule_submit,82.2,0,0,0
U02,U02_S1,1790993327,U02_S1_A07,syntax_error,1,0,0,0
U02,U02_S1,1790993327,U02_S1_A07,rule_submit,76.1,0,0,0
U02,U02_S1,1790993414,U02_S1_A08,rule_submit,81.7,0,0,0
U02,U02_S1,1790993491,U02_S1_A09,rule_submit,71.9,0,0,0
U02,U02_S1,1790993578,U02_S1_A10,rule_submit,81.8,0,0,0
U02,U02_S1,1790993650,U02_S1_A11,rule_submit,66.7,0,0,0
U02,U02_S1,1790993721,U02_S1_A12,rule_submit,66.0,0,0,0
U02,U02_S2,1791000078,U02_S2_A01,rule_submit,72.2,0,0,0
U02,U02_S2,1791000140,U02_S2_A02,syntax_error,1,0,0,0
U02,U02_S2,1791000140,U02_S2_A02,rule_submit,56.5,0,0,0
U02,U02_S2,1791000203,U02_S2_A03,syntax_error,1,0,0,0
U02,U02_S2,1791000203,U02_S2_A03,rule_submit,57.8,0,1,0
U02,U02_S2,1791000279,U02_S2_A04,rule_submit,70.6,0,0,0
U02,U02_S2,1791000345,U02_S2_A05,rule_submit,60.1,0,0,0
U02,U02_S2,1791000448,U02_S2_A06,saved_rule_reused,1,0,0,0
U02,U02_S2,1791000448,U02_S2_A06,rule_submit,97.8,0,0,0
U02,U02_S2,1791000524,U02_S2_A07,syntax_error,1,0,0,0
U02,U02_S2,1791000524,U02_S2_A07,saved_rule_reused,1,0,0,0
U02,U02_S2,1791000524,U02_S2_A07,rule_submit,70.9,0,0,0
U02,U02_S2,1791000628,U02_S2_A08,semantic_error,1,0,0,0
U02,U02_S2,1791000628,U02_S2_A08,rule_submit,98.4,0,0,2
U02,U02_S2,1791000704,U02_S2_A09,rule_submit,70.5,0,0,0
U02,U02_S2,1791000761,U02_S2_A10,syntax_error,1,0,0,0
U02,U02_S2,1791000761,U02_S2_A10,rule_submit,51.2,0,0,0
U02,U02_S2,1791000842,U02_S2_A11,rule_submit,75.8,0,0,0
U02,U02_S2,1791000897,U02_S2_A12,syntax_error,1,0,0,0
U02,U02_S2,1791000897,U02_S2_A12,rule_submit,50.0,0,0,0
U02,U02_S3,1791007275,U02_S3_A01,rule_submit,69.4,0,0,0
U02,U02_S3,1791007367,U02_S3_A02,semantic_error,1,0,0,0
U02,U02_S3,1791007367,U02_S3_A02,rule_submit,86.8,0,0,0
U02,U02_S3,1791007434,U02_S3_A03,rule_submit,61.7,0,0,0
U02,U02_S3,1791007521,U02_S3_A04,syntax_error,1,0,0,0
U02,U02_S3,1791007521,U02_S3_A04,rule_submit,81.5,0,0,0
U02,U02_S3,1791007599,U02_S3_A05,saved_rule_reused,1,0,0,0
U02,U02_S3,1791007599,U02_S3_A05,rule_submit,72.2,0,0,0
U02,U02_S3,1791007660,U02_S3_A06,rule_submit,55.6,0,0,0
U02,U02_S3,1791007730,U02_S3_A07,syntax_error,1,0,0,0
U02,U02_S3,1791007730,U02_S3_A07,rule_submit,64.4,0,0,0
U02,U02_S3,1791007788,U02_S3_A08,syntax_error,1,0,0,0
U02,U02_S3,1791007788,U02_S3_A08,rule_submit,52.7,0,0,0
U02,U02_S3,1791007882,U02_S3_A09,rule_submit,88.2,0,0,0
U02,U02_S3,1791007965,U02_S3_A10,rule_submit,77.6,0,0,0
U02,U02_S3,1791008017,U02_S3_A11,rule_submit,46.5,0,0,0
U02,U02_S3,1791008078,U02_S3_A12,rule_submit,55.6,0,0,0
U02,U02_S4,1791014490,U02_S4_A01,rule_submit,84.5,0,1,0
U02,U02_S4,1791014560,U02_S4_A02,saved_rule_reused,1,0,0,0
U02,U02_S4,1791014560,U02_S4_A02,rule_submit,64.9,0,0,0
U02,U02_S4,1791014622,U02_S4_A03,syntax_error,1,0,0,0
U02,U02_S4,1791014622,U02_S4_A03,rule_submit,56.7,0,0,0
U02,U02_S4,1791014709,U02_S4_A04,semantic_error,1,0,0,0
U02,U02_S4,1791014709,U02_S4_A04,rule_submit,81.1,0,0,0
U02,U02_S4,1791014784,U02_S4_A05,rule_submit,69.9,0,0,0
U02,U02_S4,1791014855,U02_S4_A06,rule_submit,65.1,0,0,0
U02,U02_S4,1791014926,U02_S4_A07,rule_submit,65.9,0,0,0
U02,U02_S4,1791015003,U02_S4_A08,rule_submit,71.5,0,0,0
U02,U02_S4,1791015076,U02_S4_A09,rule_submit,67.7,0,1,0
U02,U02_S4,1791015139,U02_S4_A10,rule_submit,57.6,0,0,0
U02,U02_S4,1791015215,U02_S4_A11,rule_submit,70.9,0,0,0
U02,U02_S4,1791015284,U02_S4_A12,semantic_error,1,0,0,0
U02,U02_S4,1791015284,U02_S4_A12,rule_submit,63.7,0,0,0
U03,U03_S1,1791079297,U03_S1_A01,rule_submit,91.2,0,0,0
U03,U03_S1,1791079386,U03_S1_A02,syntax_error,1,0,0,0
U03,U03_S1,1791079386,U03_S1_A02,saved_rule_reused,1,0,0,0
U03,U03_S1,1791079386,U03_S1_A02,rule_submit,83.1,0,0,0
U03,U03_S1,1791079463,U03_S1_A03,saved_rule_reused,1,0,0,0
U03,U03_S1,1791079463,U03_S1_A03,rule_submit,71.5,0,0,0
U03,U03_S1,1791079567,U03_S1_A04,rule_submit,98.2,0,0,0
U03,U03_S1,1791079661,U03_S1_A05,semantic_error,1,0,0,0
U03,U03_S1,1791079661,U03_S1_A05,rule_submit,88.9,0,0,0
U03,U03_S1,1791079769,U03_S1_A06,rule_submit,102.8,1,0,0
U03,U03_S1,1791079853,U03_S1_A07,syntax_error,1,0,0,0
U03,U03_S1,1791079853,U03_S1_A07,rule_submit,78.6,0,0,0
U03,U03_S1,1791079952,U03_S1_A08,semantic_error,1,0,0,0
U03,U03_S1,1791079952,U03_S1_A08,rule_submit,93.6,0,0,0
U03,U03_S1,1791080067,U03_S1_A09,syntax_error,1,0,0,0
U03,U03_S1,1791080067,U03_S1_A09,rule_submit,109.5,0,0,2
U03,U03_S1,1791080170,U03_S1_A10,syntax_error,1,0,0,0
U03,U03_S1,1791080170,U03_S1_A10,saved_rule_reused,1,0,0,0
U03,U03_S1,1791080170,U03_S1_A10,rule_submit,97.2,0,0,0
U03,U03_S1,1791080261,U03_S1_A11,syntax_error,1,0,0,0
U03,U03_S1,1791080261,U03_S1_A11,rule_submit,86.0,0,0,0
U03,U03_S1,1791080362,U03_S1_A12,rule_submit,96.0,0,0,0
U03,U03_S2,1791086492,U03_S2_A01,rule_submit,86.8,0,0,0
U03,U03_S2,1791086568,U03_S2_A02,syntax_error,1,0,0,0
U03,U03_S2,1791086568,U03_S2_A02,rule_submit,70.1,0,0,0
U03,U03_S2,1791086639,U03_S2_A03,rule_submit,65.5,0,0,0
U03,U03_S2,1791086746,U03_S2_A04,saved_rule_reused,1,0,0,0
U03,U03_S2,1791086746,U03_S2_A04,rule_submit,101.4,0,0,0
U03,U03_S2,1791086848,U03_S2_A05,rule_submit,96.6,1,0,0
U03,U03_S2,1791086943,U03_S2_A06,syntax_error,1,0,0,0
U03,U03_S2,1791086943,U03_S2_A06,rule_submit,89.5,0,0,0
U03,U03_S2,1791087037,U03_S2_A07,syntax_error,1,0,0,0
U03,U03_S2,1791087037,U03_S2_A07,semantic_error,1,0,0,0
U03,U03_S2,1791087037,U03_S2_A07,rule_submit,88.8,0,0,0
U03,U03_S2,1791087113,U03_S2_A08,rule_submit,70.3,0,0,0
U03,U03_S2,1791087207,U03_S2_A09,rule_submit,88.2,0,0,0
U03,U03_S2,1791087306,U03_S2_A10,rule_submit,94.0,0,0,0
U03,U03_S2,1791087403,U03_S2_A11,rule_submit,91.5,0,0,0
U03,U03_S2,1791087469,U03_S2_A12,rule_submit,60.4,0,0,0
U03,U03_S3,1791093701,U03_S3_A01,saved_rule_reused,1,0,0,0
U03,U03_S3,1791093701,U03_S3_A01,rule_submit,95.4,0,0,0
U03,U03_S3,1791093785,U03_S3_A02,syntax_error,1,0,0,0
U03,U03_S3,1791093785,U03_S3_A02,rule_submit,78.4,0,0,0
U03,U03_S3,1791093865,U03_S3_A03,rule_submit,74.6,0,0,2
U03,U03_S3,1791093938,U03_S3_A04,rule_submit,67.8,0,0,0
U03,U03_S3,1791094024,U03_S3_A05,syntax_error,1,0,0,0
U03,U03_S3,1791094024,U03_S3_A05,rule_submit,80.2,0,0,0
U03,U03_S3,1791094118,U03_S3_A06,rule_submit,88.7,0,0,0
U03,U03_S3,1791094191,U03_S3_A07,syntax_error,1,0,0,0
U03,U03_S3,1791094191,U03_S3_A07,semantic_error,1,0,0,0
U03,U03_S3,1791094191,U03_S3_A07,rule_submit,67.1,0,0,0
U03,U03_S3,1791094284,U03_S3_A08,rule_submit,87.2,0,0,0
U03,U03_S3,1791094362,U03_S3_A09,rule_submit,72.6,0,0,0
U03,U03_S3,1791094445,U03_S3_A10,syntax_error,1,0,0,0
U03,U03_S3,1791094445,U03_S3_A10,saved_rule_reused,1,0,0,0
U03,U03_S3,1791094445,U03_S3_A10,rule_submit,77.4,0,0,0
U03,U03_S3,1791094533,U03_S3_A11,rule_submit,82.3,0,0,0
U03,U03_S3,1791094612,U03_S3_A12,rule_submit,73.3,0,0,0
U03,U03_S4,1791100877,U03_S4_A01,rule_submit,72.0,0,0,0
U03,U03_S4,1791100957,U03_S4_A02,rule_submit,74.8,0,0,0
U03,U03_S4,1791101046,U03_S4_A03,rule_submit,83.2,0,0,0
U03,U03_S4,1791101140,U03_S4_A04,rule_submit,88.2,0,0,0
U03,U03_S4,1791101230,U03_S4_A05,semantic_error,1,0,0,0
U03,U03_S4,1791101230,U03_S4_A05,rule_submit,84.3,0,1,0
U03,U03_S4,1791101291,U03_S4_A06,rule_submit,55.6,0,0,0
U03,U03_S4,1791101386,U03_S4_A07,semantic_error,1,0,0,0
U03,U03_S4,1791101386,U03_S4_A07,rule_submit,89.1,0,0,0
U03,U03_S4,1791101484,U03_S4_A08,syntax_error,1,0,0,0
U03,U03_S4,1791101484,U03_S4_A08,rule_submit,92.2,0,0,0
U03,U03_S4,1791101592,U03_S4_A09,syntax_error,1,0,0,0
U03,U03_S4,1791101592,U03_S4_A09,rule_submit,102.2,0,0,0
U03,U03_S4,1791101679,U03_S4_A10,rule_submit,81.2,0,0,0
U03,U03_S4,1791101771,U03_S4_A11,rule_submit,86.4,0,0,0
U03,U03_S4,1791101860,U03_S4_A12,rule_submit,83.9,0,0,0
U04,U04_S1,1791165706,U04_S1_A01,rule_submit,100.6,0,0,0
U04,U04_S1,1791165817,U04_S1_A02,syntax_error,1,0,0,0
U04,U04_S1,1791165817,U04_S1_A02,semantic_error,1,0,0,0
U04,U04_S1,1791165817,U04_S1_A02,rule_submit,106.0,0,1,0
U04,U04_S1,1791165917,U04_S1_A03,rule_submit,94.2,1,0,0
U04,U04_S1,1791166010,U04_S1_A04,rule_submit,87.4,0,0,0
U04,U04_S1,1791166106,U04_S1_A05,rule_submit,90.7,0,0,0
U04,U04_S1,1791166190,U04_S1_A06,rule_submit,78.6,0,0,0
U04,U04_S1,1791166292,U04_S1_A07,rule_submit,96.7,0,0,0
U04,U04_S1,1791166388,U04_S1_A08,rule_submit,90.6,0,0,0
U04,U04_S1,1791166492,U04_S1_A09,saved_rule_reused,1,0,0,0
U04,U04_S1,1791166492,U04_S1_A09,rule_submit,98.4,0,0,0
U04,U04_S1,1791166598,U04_S1_A10,syntax_error,1,0,0,0
U04,U04_S1,1791166598,U04_S1_A10,rule_submit,100.5,0,0,0
U04,U04_S1,1791166691,U04_S1_A11,rule_submit,87.4,0,1,0
U04,U04_S1,1791166807,U04_S1_A12,syntax_error,1,0,0,0
U04,U04_S1,1791166807,U04_S1_A12,rule_submit,110.4,0,0,0
U04,U04_S2,1791172886,U04_S2_A01,saved_rule_reused,1,0,0,0
U04,U04_S2,1791172886,U04_S2_A01,rule_submit,80.8,0,0,0
U04,U04_S2,1791172958,U04_S2_A02,saved_rule_reused,1,0,0,0
U04,U04_S2,1791172958,U04_S2_A02,rule_submit,66.2,0,0,0
U04,U04_S2,1791173038,U04_S2_A03,syntax_error,1,0,0,0
U04,U04_S2,1791173038,U04_S2_A03,rule_submit,74.1,0,0,0
U04,U04_S2,1791173132,U04_S2_A04,syntax_error,1,0,0,0
U04,U04_S2,1791173132,U04_S2_A04,semantic_error,1,0,0,0
U04,U04_S2,1791173132,U04_S2_A04,saved_rule_reused,1,0,0,0
U04,U04_S2,1791173132,U04_S2_A04,rule_submit,88.1,0,0,0
U04,U04_S2,1791173245,U04_S2_A05,rule_submit,107.9,0,0,0
U04,U04_S2,1791173363,U04_S2_A06,saved_rule_reused,1,0,0,0
U04,U04_S2,1791173363,U04_S2_A06,rule_submit,112.4,0,0,0
U04,U04_S2,1791173456,U04_S2_A07,rule_submit,88.0,0,0,0
U04,U04_S2,1791173568,U04_S2_A08,rule_submit,106.3,0,0,0
U04,U04_S2,1791173676,U04_S2_A09,syntax_error,1,0,0,0
U04,U04_S2,1791173676,U04_S2_A09,rule_submit,102.1,0,0,0
U04,U04_S2,1791173775,U04_S2_A10,rule_submit,93.5,0,0,0
U04,U04_S2,1791173884,U04_S2_A11,saved_rule_reused,1,0,0,0
U04,U04_S2,1791173884,U04_S2_A11,rule_submit,103.6,0,0,0
U04,U04_S2,1791173983,U04_S2_A12,syntax_error,1,0,0,0
U04,U04_S2,1791173983,U04_S2_A12,rule_submit,93.5,0,0,0
U04,U04_S3,1791180098,U04_S3_A01,rule_submit,92.9,0,0,0
U04,U04_S3,1791180196,U04_S3_A02,syntax_error,1,0,0,0
U04,U04_S3,1791180196,U04_S3_A02,rule_submit,92.4,0,0,0
U04,U04_S3,1791180274,U04_S3_A03,syntax_error,1,0,0,0
U04,U04_S3,1791180274,U04_S3_A03,rule_submit,72.6,0,1,0
U04,U04_S3,1791180352,U04_S3_A04,syntax_error,1,0,0,0
U04,U04_S3,1791180352,U04_S3_A04,saved_rule_reused,1,0,0,0
U04,U04_S3,1791180352,U04_S3_A04,rule_submit,72.7,0,0,0
U04,U04_S3,1791180463,U04_S3_A05,semantic_error,1,0,0,0
U04,U04_S3,1791180463,U04_S3_A05,rule_submit,105.4,0,0,0
U04,U04_S3,1791180567,U04_S3_A06,semantic_error,1,0,0,0
U04,U04_S3,1791180567,U04_S3_A06,saved_rule_reused,1,0,0,0
U04,U04_S3,1791180567,U04_S3_A06,rule_submit,98.9,0,0,2
U04,U04_S3,1791180659,U04_S3_A07,rule_submit,86.1,0,0,0
U04,U04_S3,1791180767,U04_S3_A08,rule_submit,102.4,0,0,0
U04,U04_S3,1791180850,U04_S3_A09,rule_submit,77.2,0,0,0
U04,U04_S3,1791180974,U04_S3_A10,rule_submit,118.6,0,0,0
U04,U04_S3,1791181071,U04_S3_A11,semantic_error,1,0,0,0
U04,U04_S3,1791181071,U04_S3_A11,rule_submit,91.6,0,0,0
U04,U04_S3,1791181169,U04_S3_A12,rule_submit,92.3,0,0,0
U04,U04_S4,1791187296,U04_S4_A01,rule_submit,90.6,0,0,0
U04,U04_S4,1791187400,U04_S4_A02,syntax_error,1,0,0,0
U04,U04_S4,1791187400,U04_S4_A02,rule_submit,98.2,0,0,0
U04,U04_S4,1791187513,U04_S4_A03,saved_rule_reused,1,0,0,0
U04,U04_S4,1791187513,U04_S4_A03,rule_submit,107.5,0,0,0
U04,U04_S4,1791187588,U04_S4_A04,semantic_error,1,0,0,0
U04,U04_S4,1791187588,U04_S4_A04,rule_submit,70.0,0,0,0
U04,U04_S4,1791187664,U04_S4_A05,syntax_error,1,0,0,0
U04,U04_S4,1791187664,U04_S4_A05,rule_submit,70.7,1,0,0
U04,U04_S4,1791187757,U04_S4_A06,rule_submit,87.6,0,0,0
U04,U04_S4,1791187853,U04_S4_A07,rule_submit,90.2,0,1,0
U04,U04_S4,1791187949,U04_S4_A08,rule_submit,90.7,0,0,0
U04,U04_S4,1791188037,U04_S4_A09,rule_submit,82.1,1,0,0
U04,U04_S4,1791188101,U04_S4_A10,semantic_error,1,0,0,0
U04,U04_S4,1791188101,U04_S4_A10,rule_submit,58.5,0,0,0
U04,U04_S4,1791188193,U04_S4_A11,rule_submit,86.9,0,0,0
U04,U04_S4,1791188290,U04_S4_A12,saved_rule_reused,1,0,0,0
U04,U04_S4,1791188290,U04_S4_A12,rule_submit,91.1,0,0,0
U05,U05_S1,1791252075,U05_S1_A01,syntax_error,1,0,0,0
U05,U05_S1,1791252075,U05_S1_A01,semantic_error,1,0,0,0
U05,U05_S1,1791252075,U05_S1_A01,rule_submit,69.9,0,0,0
U05,U05_S1,1791252177,U05_S1_A02,syntax_error,1,0,0,0
U05,U05_S1,1791252177,U05_S1_A02,semantic_error,1,0,0,0
U05,U05_S1,1791252177,U05_S1_A02,rule_submit,97.0,0,0,0
U05,U05_S1,1791252267,U05_S1_A03,semantic_error,1,0,0,0
U05,U05_S1,1791252267,U05_S1_A03,rule_submit,85.0,0,0,0
U05,U05_S1,1791252380,U05_S1_A04,rule_submit,107.1,0,0,0
U05,U05_S1,1791252495,U05_S1_A05,syntax_error,1,0,0,0
U05,U05_S1,1791252495,U05_S1_A05,saved_rule_reused,1,0,0,0
U05,U05_S1,1791252495,U05_S1_A05,rule_submit,109.4,0,0,0
U05,U05_S1,1791252578,U05_S1_A06,rule_submit,77.1,0,0,0
U05,U05_S1,1791252663,U05_S1_A07,rule_submit,79.7,0,0,0
U05,U05_S1,1791252737,U05_S1_A08,rule_submit,68.7,0,0,0
U05,U05_S1,1791252851,U05_S1_A09,syntax_error,1,0,0,0
U05,U05_S1,1791252851,U05_S1_A09,rule_submit,108.7,0,1,0
U05,U05_S1,1791252966,U05_S1_A10,semantic_error,1,0,0,0
U05,U05_S1,1791252966,U05_S1_A10,rule_submit,109.8,0,0,0
U05,U05_S1,1791253080,U05_S1_A11,syntax_error,1,0,0,0
U05,U05_S1,1791253080,U05_S1_A11,semantic_error,1,0,0,0
U05,U05_S1,1791253080,U05_S1_A11,rule_submit,108.4,0,0,0
U05,U05_S1,1791253167,U05_S1_A12,rule_submit,81.2,0,1,0
U05,U05_S2,1791259285,U05_S2_A01,syntax_error,1,0,0,0
U05,U05_S2,1791259285,U05_S2_A01,semantic_error,1,0,0,0
U05,U05_S2,1791259285,U05_S2_A01,rule_submit,79.1,0,1,0
U05,U05_S2,1791259395,U05_S2_A02,rule_submit,104.3,0,0,0
U05,U05_S2,1791259488,U05_S2_A03,rule_submit,87.1,0,0,0
U05,U05_S2,1791259583,U05_S2_A04,syntax_error,1,0,0,0
U05,U05_S2,1791259583,U05_S2_A04,rule_submit,90.0,0,0,0
U05,U05_S2,1791259670,U05_S2_A05,rule_submit,81.8,0,0,0
U05,U05_S2,1791259751,U05_S2_A06,rule_submit,75.6,0,1,0
U05,U05_S2,1791259827,U05_S2_A07,saved_rule_reused,1,0,0,0
U05,U05_S2,1791259827,U05_S2_A07,rule_submit,70.5,0,0,0
U05,U05_S2,1791259921,U05_S2_A08,saved_rule_reused,1,0,0,0
U05,U05_S2,1791259921,U05_S2_A08,rule_submit,88.4,0,0,0
U05,U05_S2,1791259991,U05_S2_A09,rule_submit,64.4,0,0,2
U05,U05_S2,1791260082,U05_S2_A10,syntax_error,1,0,0,0
U05,U05_S2,1791260082,U05_S2_A10,rule_submit,85.3,0,0,0
U05,U05_S2,1791260171,U05_S2_A11,syntax_error,1,0,0,0
U05,U05_S2,1791260171,U05_S2_A11,rule_submit,83.6,0,0,0
U05,U05_S2,1791260262,U05_S2_A12,syntax_error,1,0,0,0
U05,U05_S2,1791260262,U05_S2_A12,saved_rule_reused,1,0,0,0
U05,U05_S2,1791260262,U05_S2_A12,rule_submit,86.0,0,0,0
U05,U05_S3,1791266490,U05_S3_A01,rule_submit,85.0,0,0,0
U05,U05_S3,1791266544,U05_S3_A02,semantic_error,1,0,0,0
U05,U05_S3,1791266544,U05_S3_A02,saved_rule_reused,1,0,0,0
U05,U05_S3,1791266544,U05_S3_A02,rule_submit,48.7,0,0,0
U05,U05_S3,1791266643,U05_S3_A03,syntax_error,1,0,0,0
U05,U05_S3,1791266643,U05_S3_A03,rule_submit,93.4,0,0,0
U05,U05_S3,1791266731,U05_S3_A04,rule_submit,83.0,0,0,0
U05,U05_S3,1791266823,U05_S3_A05,syntax_error,1,0,0,0
U05,U05_S3,1791266823,U05_S3_A05,rule_submit,86.3,0,0,0
U05,U05_S3,1791266895,U05_S3_A06,syntax_error,1,0,0,0
U05,U05_S3,1791266895,U05_S3_A06,semantic_error,1,0,0,0
U05,U05_S3,1791266895,U05_S3_A06,rule_submit,66.5,0,0,0
U05,U05_S3,1791267002,U05_S3_A07,rule_submit,101.7,0,0,0
U05,U05_S3,1791267088,U05_S3_A08,syntax_error,1,0,0,0
U05,U05_S3,1791267088,U05_S3_A08,rule_submit,81.0,0,0,0
U05,U05_S3,1791267172,U05_S3_A09,semantic_error,1,0,0,0
U05,U05_S3,1791267172,U05_S3_A09,rule_submit,78.3,0,0,0
U05,U05_S3,1791267257,U05_S3_A10,rule_submit,80.0,0,0,0
U05,U05_S3,1791267375,U05_S3_A11,rule_submit,112.3,0,0,0
U05,U05_S3,1791267475,U05_S3_A12,syntax_error,1,0,0,0
U05,U05_S3,1791267475,U05_S3_A12,rule_submit,94.3,0,0,0
U05,U05_S4,1791273709,U05_S4_A01,syntax_error,1,0,0,0
U05,U05_S4,1791273709,U05_S4_A01,rule_submit,104.0,0,0,0
U05,U05_S4,1791273807,U05_S4_A02,syntax_error,1,0,0,0
U05,U05_S4,1791273807,U05_S4_A02,rule_submit,92.9,0,0,0
U05,U05_S4,1791273902,U05_S4_A03,syntax_error,1,0,0,0
U05,U05_S4,1791273902,U05_S4_A03,rule_submit,89.6,0,0,0
U05,U05_S4,1791273970,U05_S4_A04,semantic_error,1,0,0,0
U05,U05_S4,1791273970,U05_S4_A04,rule_submit,62.5,0,0,2
U05,U05_S4,1791274034,U05_S4_A05,syntax_error,1,0,0,0
U05,U05_S4,1791274034,U05_S4_A05,rule_submit,58.8,0,0,0
U05,U05_S4,1791274132,U05_S4_A06,rule_submit,92.1,1,0,0
U05,U05_S4,1791274236,U05_S4_A07,syntax_error,1,0,0,0
U05,U05_S4,1791274236,U05_S4_A07,semantic_error,1,0,0,0
U05,U05_S4,1791274236,U05_S4_A07,rule_submit,98.4,0,0,0
U05,U05_S4,1791274315,U05_S4_A08,saved_rule_reused,1,0,0,0
U05,U05_S4,1791274315,U05_S4_A08,rule_submit,73.4,0,0,0
U05,U05_S4,1791274403,U05_S4_A09,syntax_error,1,0,0,0
U05,U05_S4,1791274403,U05_S4_A09,semantic_error,1,0,0,0
U05,U05_S4,1791274403,U05_S4_A09,saved_rule_reused,1,0,0,0
U05,U05_S4,1791274403,U05_S4_A09,rule_submit,82.2,0,0,0
U05,U05_S4,1791274466,U05_S4_A10,syntax_error,1,0,0,0
U05,U05_S4,1791274466,U05_S4_A10,rule_submit,58.0,0,0,0
U05,U05_S4,1791274567,U05_S4_A11,rule_submit,95.4,0,0,0
U05,U05_S4,1791274651,U05_S4_A12,semantic_error,1,0,0,0
U05,U05_S4,1791274651,U05_S4_A12,rule_submit,78.2,0,0,0
U06,U06_S1,1791338502,U06_S1_A01,rule_submit,96.1,0,0,0
U06,U06_S1,1791338575,U06_S1_A02,rule_submit,67.4,1,0,0
U06,U06_S1,1791338644,U06_S1_A03,semantic_error,1,0,0,0
U06,U06_S1,1791338644,U06_S1_A03,rule_submit,63.3,0,0,0
U06,U06_S1,1791338740,U06_S1_A04,rule_submit,91.0,0,0,0
U06,U06_S1,1791338807,U06_S1_A05,rule_submit,62.0,0,0,0
U06,U06_S1,1791338884,U06_S1_A06,rule_submit,71.3,0,0,2
U06,U06_S1,1791338970,U06_S1_A07,syntax_error,1,0,0,0
U06,U06_S1,1791338970,U06_S1_A07,semantic_error,1,0,0,0
U06,U06_S1,1791338970,U06_S1_A07,rule_submit,80.1,0,0,0
U06,U06_S1,1791339078,U06_S1_A08,syntax_error,1,0,0,0
U06,U06_S1,1791339078,U06_S1_A08,rule_submit,102.5,0,0,0
U06,U06_S1,1791339162,U06_S1_A09,rule_submit,78.3,0,0,0
U06,U06_S1,1791339239,U06_S1_A10,rule_submit,72.0,0,0,0
U06,U06_S1,1791339332,U06_S1_A11,rule_submit,87.3,0,0,0
U06,U06_S1,1791339433,U06_S1_A12,syntax_error,1,0,0,0
U06,U06_S1,1791339433,U06_S1_A12,rule_submit,95.7,0,0,0
U06,U06_S2,1791345691,U06_S2_A01,rule_submit,85.3,0,0,0
U06,U06_S2,1791345784,U06_S2_A02,rule_submit,87.5,0,0,0
U06,U06_S2,1791345862,U06_S2_A03,syntax_error,1,0,0,0
U06,U06_S2,1791345862,U06_S2_A03,rule_submit,72.8,0,0,0
U06,U06_S2,1791345959,U06_S2_A04,rule_submit,91.7,0,0,2
U06,U06_S2,1791346033,U06_S2_A05,syntax_error,1,0,0,0
U06,U06_S2,1791346033,U06_S2_A05,rule_submit,68.1,0,0,0
U06,U06_S2,1791346115,U06_S2_A06,rule_submit,76.1,1,0,0
U06,U06_S2,1791346199,U06_S2_A07,semantic_error,1,0,0,0
U06,U06_S2,1791346199,U06_S2_A07,rule_submit,78.2,0,1,0
U06,U06_S2,1791346291,U06_S2_A08,rule_submit,87.0,0,0,0
U06,U06_S2,1791346380,U06_S2_A09,semantic_error,1,0,0,0
U06,U06_S2,1791346380,U06_S2_A09,rule_submit,84.0,0,0,0
U06,U06_S2,1791346483,U06_S2_A10,rule_submit,98.0,0,0,0
U06,U06_S2,1791346577,U06_S2_A11,rule_submit,88.2,0,0,0
U06,U06_S2,1791346650,U06_S2_A12,rule_submit,68.0,0,0,0
U06,U06_S3,1791352899,U06_S3_A01,syntax_error,1,0,0,0
U06,U06_S3,1791352899,U06_S3_A01,rule_submit,93.3,0,0,0
U06,U06_S3,1791353001,U06_S3_A02,syntax_error,1,0,0,0
U06,U06_S3,1791353001,U06_S3_A02,semantic_error,1,0,0,0
U06,U06_S3,1791353001,U06_S3_A02,rule_submit,97.0,0,0,0
U06,U06_S3,1791353086,U06_S3_A03,rule_submit,79.2,0,0,0
U06,U06_S3,1791353186,U06_S3_A04,saved_rule_reused,1,0,0,0
U06,U06_S3,1791353186,U06_S3_A04,rule_submit,94.8,0,0,0
U06,U06_S3,1791353300,U06_S3_A05,saved_rule_reused,1,0,0,0
U06,U06_S3,1791353300,U06_S3_A05,rule_submit,108.3,0,0,0
U06,U06_S3,1791353405,U06_S3_A06,semantic_error,1,0,0,0
U06,U06_S3,1791353405,U06_S3_A06,rule_submit,99.9,0,0,0
U06,U06_S3,1791353498,U06_S3_A07,syntax_error,1,0,0,0
U06,U06_S3,1791353498,U06_S3_A07,rule_submit,87.5,0,0,0
U06,U06_S3,1791353609,U06_S3_A08,syntax_error,1,0,0,0
U06,U06_S3,1791353609,U06_S3_A08,saved_rule_reused,1,0,0,0
U06,U06_S3,1791353609,U06_S3_A08,rule_submit,105.7,0,0,0
U06,U06_S3,1791353704,U06_S3_A09,syntax_error,1,0,0,0
U06,U06_S3,1791353704,U06_S3_A09,rule_submit,89.7,0,0,0
U06,U06_S3,1791353795,U06_S3_A10,syntax_error,1,0,0,0
U06,U06_S3,1791353795,U06_S3_A10,rule_submit,85.2,0,0,0
U06,U06_S3,1791353886,U06_S3_A11,semantic_error,1,0,0,0
U06,U06_S3,1791353886,U06_S3_A11,rule_submit,85.8,0,0,0
U06,U06_S3,1791353992,U06_S3_A12,syntax_error,1,0,0,0
U06,U06_S3,1791353992,U06_S3_A12,rule_submit,100.9,0,0,0
U06,U06_S4,1791360087,U06_S4_A01,rule_submit,81.8,0,0,0
U06,U06_S4,1791360177,U06_S4_A02,syntax_error,1,0,0,0
U06,U06_S4,1791360177,U06_S4_A02,semantic_error,1,0,0,0
U06,U06_S4,1791360177,U06_S4_A02,rule_submit,84.3,0,0,0
U06,U06_S4,1791360260,U06_S4_A03,syntax_error,1,0,0,0
U06,U06_S4,1791360260,U06_S4_A03,rule_submit,77.4,0,0,0
U06,U06_S4,1791360338,U06_S4_A04,syntax_error,1,0,0,0
U06,U06_S4,1791360338,U06_S4_A04,semantic_error,1,0,0,0
U06,U06_S4,1791360338,U06_S4_A04,rule_submit,72.9,0,0,0
U06,U06_S4,1791360388,U06_S4_A05,syntax_error,1,0,0,0
U06,U06_S4,1791360388,U06_S4_A05,rule_submit,44.1,0,0,0
U06,U06_S4,1791360464,U06_S4_A06,syntax_error,1,0,0,0
U06,U06_S4,1791360464,U06_S4_A06,rule_submit,71.0,0,0,0
U06,U06_S4,1791360525,U06_S4_A07,rule_submit,55.2,0,0,0
U06,U06_S4,1791360616,U06_S4_A08,syntax_error,1,0,0,0
U06,U06_S4,1791360616,U06_S4_A08,rule_submit,85.4,0,0,0
U06,U06_S4,1791360719,U06_S4_A09,rule_submit,97.1,1,0,0
U06,U06_S4,1791360792,U06_S4_A10,syntax_error,1,0,0,0
U06,U06_S4,1791360792,U06_S4_A10,semantic_error,1,0,0,0
U06,U06_S4,1791360792,U06_S4_A10,rule_submit,67.3,0,0,2
U06,U06_S4,1791360850,U06_S4_A11,semantic_error,1,0,0,0
U06,U06_S4,1791360850,U06_S4_A11,rule_submit,52.7,1,0,0
U06,U06_S4,1791360934,U06_S4_A12,semantic_error,1,0,0,0
U06,U06_S4,1791360934,U06_S4_A12,rule_submit,78.6,0,0,0
U07,U07_S1,1791424871,U07_S1_A01,rule_submit,65.3,0,0,2
U07,U07_S1,1791424942,U07_S1_A02,rule_submit,65.7,0,1,0
U07,U07_S1,1791424994,U07_S1_A03,syntax_error,1,0,0,0
U07,U07_S1,1791424994,U07_S1_A03,rule_submit,46.7,0,0,0
U07,U07_S1,1791425073,U07_S1_A04,saved_rule_reused,1,0,0,0
U07,U07_S1,1791425073,U07_S1_A04,rule_submit,73.4,0,0,0
U07,U07_S1,1791425146,U07_S1_A05,syntax_error,1,0,0,0
U07,U07_S1,1791425146,U07_S1_A05,rule_submit,67.3,0,0,0
U07,U07_S1,1791425217,U07_S1_A06,syntax_error,1,0,0,0
U07,U07_S1,1791425217,U07_S1_A06,rule_submit,65.4,1,0,0
U07,U07_S1,1791425302,U07_S1_A07,syntax_error,1,0,0,0
U07,U07_S1,1791425302,U07_S1_A07,rule_submit,80.0,0,0,0
U07,U07_S1,1791425364,U07_S1_A08,rule_submit,56.4,0,0,0
U07,U07_S1,1791425418,U07_S1_A09,rule_submit,48.3,0,0,0
U07,U07_S1,1791425483,U07_S1_A10,rule_submit,60.0,0,0,0
U07,U07_S1,1791425544,U07_S1_A11,rule_submit,55.3,0,0,0
U07,U07_S1,1791425614,U07_S1_A12,semantic_error,1,0,0,0
U07,U07_S1,1791425614,U07_S1_A12,rule_submit,64.3,0,0,0
U07,U07_S2,1791432062,U07_S2_A01,syntax_error,1,0,0,0
U07,U07_S2,1791432062,U07_S2_A01,semantic_error,1,0,0,0
U07,U07_S2,1791432062,U07_S2_A01,rule_submit,57.0,0,0,0
U07,U07_S2,1791432131,U07_S2_A02,semantic_error,1,0,0,0
U07,U07_S2,1791432131,U07_S2_A02,rule_submit,63.6,0,0,2
U07,U07_S2,1791432191,U07_S2_A03,syntax_error,1,0,0,0
U07,U07_S2,1791432191,U07_S2_A03,rule_submit,54.9,0,0,0
U07,U07_S2,1791432255,U07_S2_A04,saved_rule_reused,1,0,0,0
U07,U07_S2,1791432255,U07_S2_A04,rule_submit,58.9,0,0,0
U07,U07_S2,1791432330,U07_S2_A05,rule_submit,69.5,0,0,0
U07,U07_S2,1791432396,U07_S2_A06,syntax_error,1,0,0,0
U07,U07_S2,1791432396,U07_S2_A06,semantic_error,1,0,0,0
U07,U07_S2,1791432396,U07_S2_A06,rule_submit,60.8,0,0,0
U07,U07_S2,1791432463,U07_S2_A07,semantic_error,1,0,0,0
U07,U07_S2,1791432463,U07_S2_A07,rule_submit,61.3,0,0,0
U07,U07_S2,1791432526,U07_S2_A08,syntax_error,1,0,0,0
U07,U07_S2,1791432526,U07_S2_A08,rule_submit,57.5,0,1,0
U07,U07_S2,1791432608,U07_S2_A09,rule_submit,76.1,0,0,0
U07,U07_S2,1791432677,U07_S2_A10,semantic_error,1,0,0,0
U07,U07_S2,1791432677,U07_S2_A10,rule_submit,63.7,0,0,0
U07,U07_S2,1791432735,U07_S2_A11,rule_submit,52.8,0,0,0
U07,U07_S2,1791432788,U07_S2_A12,rule_submit,47.9,0,0,0
U07,U07_S3,1791439275,U07_S3_A01,rule_submit,69.2,0,0,2
U07,U07_S3,1791439337,U07_S3_A02,semantic_error,1,0,0,0
U07,U07_S3,1791439337,U07_S3_A02,rule_submit,56.2,0,0,0
U07,U07_S3,1791439417,U07_S3_A03,rule_submit,74.3,0,0,0
U07,U07_S3,1791439498,U07_S3_A04,rule_submit,75.1,0,0,0
U07,U07_S3,1791439551,U07_S3_A05,rule_submit,47.7,0,0,0
U07,U07_S3,1791439602,U07_S3_A06,syntax_error,1,0,0,0
U07,U07_S3,1791439602,U07_S3_A06,rule_submit,45.9,0,0,0
U07,U07_S3,1791439654,U07_S3_A07,rule_submit,46.9,0,0,0
U07,U07_S3,1791439729,U07_S3_A08,syntax_error,1,0,0,0
U07,U07_S3,1791439729,U07_S3_A08,semantic_error,1,0,0,0
U07,U07_S3,1791439729,U07_S3_A08,rule_submit,69.3,0,0,0
U07,U07_S3,1791439795,U07_S3_A09,rule_submit,61.0,0,0,0
U07,U07_S3,1791439851,U07_S3_A10,syntax_error,1,0,0,0
U07,U07_S3,1791439851,U07_S3_A10,rule_submit,50.7,0,0,0
U07,U07_S3,1791439930,U07_S3_A11,rule_submit,73.6,0,0,0
U07,U07_S3,1791439989,U07_S3_A12,rule_submit,53.3,0,0,0
U07,U07_S4,1791446466,U07_S4_A01,rule_submit,61.0,0,0,0
U07,U07_S4,1791446515,U07_S4_A02,syntax_error,1,0,0,0
U07,U07_S4,1791446515,U07_S4_A02,rule_submit,43.9,0,0,0
U07,U07_S4,1791446580,U07_S4_A03,rule_submit,59.6,0,0,0
U07,U07_S4,1791446639,U07_S4_A04,syntax_error,1,0,0,0
U07,U07_S4,1791446639,U07_S4_A04,semantic_error,1,0,0,0
U07,U07_S4,1791446639,U07_S4_A04,rule_submit,53.7,0,0,0
U07,U07_S4,1791446708,U07_S4_A05,rule_submit,63.2,0,0,0
U07,U07_S4,1791446772,U07_S4_A06,rule_submit,58.1,0,0,0
U07,U07_S4,1791446821,U07_S4_A07,rule_submit,43.8,0,0,0
U07,U07_S4,1791446882,U07_S4_A08,syntax_error,1,0,0,0
U07,U07_S4,1791446882,U07_S4_A08,rule_submit,55.8,0,1,0
U07,U07_S4,1791446937,U07_S4_A09,syntax_error,1,0,0,0
U07,U07_S4,1791446937,U07_S4_A09,semantic_error,1,0,0,0
U07,U07_S4,1791446937,U07_S4_A09,rule_submit,49.6,0,0,0
U07,U07_S4,1791446996,U07_S4_A10,rule_submit,53.8,0,0,0
U07,U07_S4,1791447062,U07_S4_A11,semantic_error,1,0,0,0
U07,U07_S4,1791447062,U07_S4_A11,rule_submit,60.7,0,0,0
U07,U07_S4,1791447132,U07_S4_A12,rule_submit,64.9,0,0,0
U08,U08_S1,1791511269,U08_S1_A01,syntax_error,1,0,0,0
U08,U08_S1,1791511269,U08_S1_A01,rule_submit,63.6,0,0,0
U08,U08_S1,1791511360,U08_S1_A02,syntax_error,1,0,0,0
U08,U08_S1,1791511360,U08_S1_A02,rule_submit,85.5,0,0,0
U08,U08_S1,1791511431,U08_S1_A03,rule_submit,65.7,0,0,0
U08,U08_S1,1791511518,U08_S1_A04,saved_rule_reused,1,0,0,0
U08,U08_S1,1791511518,U08_S1_A04,rule_submit,81.4,0,0,0
U08,U08_S1,1791511599,U08_S1_A05,rule_submit,75.7,0,1,0
U08,U08_S1,1791511653,U08_S1_A06,syntax_error,1,0,0,0
U08,U08_S1,1791511653,U08_S1_A06,rule_submit,48.5,1,0,0
U08,U08_S1,1791511734,U08_S1_A07,rule_submit,75.5,0,0,0
U08,U08_S1,1791511810,U08_S1_A08,rule_submit,70.8,0,0,0
U08,U08_S1,1791511872,U08_S1_A09,rule_submit,56.5,0,0,2
U08,U08_S1,1791511932,U08_S1_A10,semantic_error,1,0,0,0
U08,U08_S1,1791511932,U08_S1_A10,rule_submit,54.2,0,0,0
U08,U08_S1,1791512011,U08_S1_A11,rule_submit,73.2,0,0,0
U08,U08_S1,1791512098,U08_S1_A12,semantic_error,1,0,0,0
U08,U08_S1,1791512098,U08_S1_A12,rule_submit,81.6,0,0,0
U08,U08_S2,1791518486,U08_S2_A01,semantic_error,1,0,0,0
U08,U08_S2,1791518486,U08_S2_A01,rule_submit,80.3,0,0,0
U08,U08_S2,1791518551,U08_S2_A02,syntax_error,1,0,0,0
U08,U08_S2,1791518551,U08_S2_A02,rule_submit,59.9,0,0,0
U08,U08_S2,1791518624,U08_S2_A03,saved_rule_reused,1,0,0,0
U08,U08_S2,1791518624,U08_S2_A03,rule_submit,67.8,0,0,0
U08,U08_S2,1791518703,U08_S2_A04,semantic_error,1,0,0,0
U08,U08_S2,1791518703,U08_S2_A04,rule_submit,73.2,0,0,0
U08,U08_S2,1791518779,U08_S2_A05,rule_submit,70.7,0,0,0
U08,U08_S2,1791518846,U08_S2_A06,syntax_error,1,0,0,0
U08,U08_S2,1791518846,U08_S2_A06,rule_submit,61.4,0,0,0
U08,U08_S2,1791518916,U08_S2_A07,rule_submit,64.3,0,0,0
U08,U08_S2,1791518989,U08_S2_A08,rule_submit,67.9,0,0,0
U08,U08_S2,1791519072,U08_S2_A09,rule_submit,77.8,0,0,0
U08,U08_S2,1791519147,U08_S2_A10,rule_submit,69.9,0,0,0
U08,U08_S2,1791519217,U08_S2_A11,rule_submit,64.7,0,0,0
U08,U08_S2,1791519299,U08_S2_A12,rule_submit,76.6,0,0,0
U08,U08_S3,1791525657,U08_S3_A01,semantic_error,1,0,0,0
U08,U08_S3,1791525657,U08_S3_A01,rule_submit,51.7,0,0,0
U08,U08_S3,1791525728,U08_S3_A02,semantic_error,1,0,0,0
U08,U08_S3,1791525728,U08_S3_A02,rule_submit,65.7,0,0,0
U08,U08_S3,1791525802,U08_S3_A03,syntax_error,1,0,0,0
U08,U08_S3,1791525802,U08_S3_A03,rule_submit,69.0,0,0,0
U08,U08_S3,1791525865,U08_S3_A04,rule_submit,57.3,0,0,0
U08,U08_S3,1791525924,U08_S3_A05,rule_submit,53.4,0,0,0
U08,U08_S3,1791525982,U08_S3_A06,rule_submit,52.3,0,0,0
U08,U08_S3,1791526042,U08_S3_A07,saved_rule_reused,1,0,0,0
U08,U08_S3,1791526042,U08_S3_A07,rule_submit,54.2,0,0,0
U08,U08_S3,1791526095,U08_S3_A08,rule_submit,47.8,1,0,0
U08,U08_S3,1791526190,U08_S3_A09,rule_submit,90.0,0,0,0
U08,U08_S3,1791526260,U08_S3_A10,semantic_error,1,0,0,0
U08,U08_S3,1791526260,U08_S3_A10,rule_submit,64.2,0,0,0
U08,U08_S3,1791526329,U08_S3_A11,syntax_error,1,0,0,0
U08,U08_S3,1791526329,U08_S3_A11,semantic_error,1,0,0,0
U08,U08_S3,1791526329,U08_S3_A11,rule_submit,63.9,0,0,0
U08,U08_S3,1791526376,U08_S3_A12,syntax_error,1,0,0,0
U08,U08_S3,1791526376,U08_S3_A12,rule_submit,42.0,0,0,0
U08,U08_S4,1791532874,U08_S4_A01,rule_submit,68.9,0,0,0
U08,U08_S4,1791532928,U08_S4_A02,syntax_error,1,0,0,0
U08,U08_S4,1791532928,U08_S4_A02,rule_submit,48.9,0,0,0
U08,U08_S4,1791532985,U08_S4_A03,syntax_error,1,0,0,0
U08,U08_S4,1791532985,U08_S4_A03,rule_submit,51.7,0,0,0
U08,U08_S4,1791533053,U08_S4_A04,syntax_error,1,0,0,0
U08,U08_S4,1791533053,U08_S4_A04,rule_submit,62.8,0,0,0
U08,U08_S4,1791533112,U08_S4_A05,semantic_error,1,0,0,0
U08,U08_S4,1791533112,U08_S4_A05,saved_rule_reused,1,0,0,0
U08,U08_S4,1791533112,U08_S4_A05,rule_submit,54.0,0,0,0
U08,U08_S4,1791533174,U08_S4_A06,rule_submit,56.8,0,0,0
U08,U08_S4,1791533250,U08_S4_A07,rule_submit,71.0,0,1,0
U08,U08_S4,1791533327,U08_S4_A08,rule_submit,72.0,1,0,0
U08,U08_S4,1791533400,U08_S4_A09,rule_submit,67.6,0,0,0
U08,U08_S4,1791533456,U08_S4_A10,rule_submit,50.6,0,0,0
U08,U08_S4,1791533531,U08_S4_A11,rule_submit,69.5,0,0,0
U08,U08_S4,1791533608,U08_S4_A12,syntax_error,1,0,0,0
U08,U08_S4,1791533608,U08_S4_A12,semantic_error,1,0,0,0
U08,U08_S4,1791533608,U08_S4_A12,rule_submit,71.2,0,0,0
U09,U09_S1,1791597660,U09_S1_A01,rule_submit,54.9,0,0,0
U09,U09_S1,1791597745,U09_S1_A02,syntax_error,1,0,0,0
U09,U09_S1,1791597745,U09_S1_A02,semantic_error,1,0,0,0
U09,U09_S1,1791597745,U09_S1_A02,saved_rule_reused,1,0,0,0
U09,U09_S1,1791597745,U09_S1_A02,rule_submit,79.7,0,0,0
U09,U09_S1,1791597817,U09_S1_A03,rule_submit,66.8,0,0,0
U09,U09_S1,1791597880,U09_S1_A04,rule_submit,57.7,0,0,0
U09,U09_S1,1791597958,U09_S1_A05,rule_submit,72.9,0,0,0
U09,U09_S1,1791598032,U09_S1_A06,semantic_error,1,0,0,0
U09,U09_S1,1791598032,U09_S1_A06,rule_submit,68.5,0,0,0
U09,U09_S1,1791598098,U09_S1_A07,syntax_error,1,0,0,0
U09,U09_S1,1791598098,U09_S1_A07,rule_submit,60.2,0,0,0
U09,U09_S1,1791598168,U09_S1_A08,rule_submit,64.7,0,0,0
U09,U09_S1,1791598224,U09_S1_A09,semantic_error,1,0,0,0
U09,U09_S1,1791598224,U09_S1_A09,rule_submit,50.2,0,0,0
U09,U09_S1,1791598296,U09_S1_A10,syntax_error,1,0,0,0
U09,U09_S1,1791598296,U09_S1_A10,semantic_error,1,0,0,0
U09,U09_S1,1791598296,U09_S1_A10,rule_submit,66.5,0,0,0
U09,U09_S1,1791598365,U09_S1_A11,syntax_error,1,0,0,0
U09,U09_S1,1791598365,U09_S1_A11,saved_rule_reused,1,0,0,0
U09,U09_S1,1791598365,U09_S1_A11,rule_submit,63.2,0,0,0
U09,U09_S1,1791598435,U09_S1_A12,rule_submit,64.3,0,1,0
U09,U09_S2,1791604866,U09_S2_A01,syntax_error,1,0,0,0
U09,U09_S2,1791604866,U09_S2_A01,rule_submit,60.8,0,0,0
U09,U09_S2,1791604940,U09_S2_A02,syntax_error,1,0,0,0
U09,U09_S2,1791604940,U09_S2_A02,rule_submit,68.9,0,0,0
U09,U09_S2,1791605020,U09_S2_A03,rule_submit,74.5,0,0,0
U09,U09_S2,1791605085,U09_S2_A04,syntax_error,1,0,0,0
U09,U09_S2,1791605085,U09_S2_A04,semantic_error,1,0,0,0
U09,U09_S2,1791605085,U09_S2_A04,saved_rule_reused,1,0,0,0
U09,U09_S2,1791605085,U09_S2_A04,rule_submit,59.7,0,0,0
U09,U09_S2,1791605160,U09_S2_A05,semantic_error,1,0,0,0
U09,U09_S2,1791605160,U09_S2_A05,rule_submit,69.8,0,0,0
U09,U09_S2,1791605223,U09_S2_A06,semantic_error,1,0,0,0
U09,U09_S2,1791605223,U09_S2_A06,rule_submit,57.6,0,0,0
U09,U09_S2,1791605283,U09_S2_A07,syntax_error,1,0,0,0
U09,U09_S2,1791605283,U09_S2_A07,semantic_error,1,0,0,0
U09,U09_S2,1791605283,U09_S2_A07,rule_submit,54.3,0,0,0
U09,U09_S2,1791605344,U09_S2_A08,syntax_error,1,0,0,0
U09,U09_S2,1791605344,U09_S2_A08,rule_submit,55.6,1,0,0
U09,U09_S2,1791605418,U09_S2_A09,semantic_error,1,0,0,0
U09,U09_S2,1791605418,U09_S2_A09,rule_submit,69.0,0,0,0
U09,U09_S2,1791605481,U09_S2_A10,syntax_error,1,0,0,0
U09,U09_S2,1791605481,U09_S2_A10,semantic_error,1,0,0,0
U09,U09_S2,1791605481,U09_S2_A10,rule_submit,57.1,0,0,0
U09,U09_S2,1791605555,U09_S2_A11,rule_submit,68.4,0,0,0
U09,U09_S2,1791605609,U09_S2_A12,semantic_error,1,0,0,0
U09,U09_S2,1791605609,U09_S2_A12,rule_submit,48.9,0,0,0
U09,U09_S3,1791612070,U09_S3_A01,rule_submit,64.1,0,0,0
U09,U09_S3,1791612133,U09_S3_A02,rule_submit,57.7,0,0,0
U09,U09_S3,1791612185,U09_S3_A03,syntax_error,1,0,0,0
U09,U09_S3,1791612185,U09_S3_A03,semantic_error,1,0,0,0
U09,U09_S3,1791612185,U09_S3_A03,rule_submit,46.3,0,0,0
U09,U09_S3,1791612255,U09_S3_A04,syntax_error,1,0,0,0
U09,U09_S3,1791612255,U09_S3_A04,rule_submit,64.3,0,0,0
U09,U09_S3,1791612322,U09_S3_A05,rule_submit,61.3,0,0,0
U09,U09_S3,1791612386,U09_S3_A06,syntax_error,1,0,0,0
U09,U09_S3,1791612386,U09_S3_A06,rule_submit,58.5,0,0,0
U09,U09_S3,1791612439,U09_S3_A07,rule_submit,48.0,0,0,0
U09,U09_S3,1791612517,U09_S3_A08,rule_submit,72.5,0,0,0
U09,U09_S3,1791612597,U09_S3_A09,syntax_error,1,0,0,0
U09,U09_S3,1791612597,U09_S3_A09,semantic_error,1,0,0,0
U09,U09_S3,1791612597,U09_S3_A09,rule_submit,74.9,0,0,0
U09,U09_S3,1791612659,U09_S3_A10,semantic_error,1,0,0,0
U09,U09_S3,1791612659,U09_S3_A10,rule_submit,56.5,0,0,0
U09,U09_S3,1791612719,U09_S3_A11,rule_submit,54.6,0,0,0
U09,U09_S3,1791612776,U09_S3_A12,syntax_error,1,0,0,0
U09,U09_S3,1791612776,U09_S3_A12,rule_submit,52.0,1,0,0
U09,U09_S4,1791619249,U09_S4_A01,syntax_error,1,0,0,0
U09,U09_S4,1791619249,U09_S4_A01,rule_submit,43.7,0,0,0
U09,U09_S4,1791619315,U09_S4_A02,syntax_error,1,0,0,0
U09,U09_S4,1791619315,U09_S4_A02,rule_submit,60.5,0,0,0
U09,U09_S4,1791619375,U09_S4_A03,syntax_error,1,0,0,0
U09,U09_S4,1791619375,U09_S4_A03,rule_submit,54.1,0,0,0
U09,U09_S4,1791619438,U09_S4_A04,rule_submit,57.9,0,0,0
U09,U09_S4,1791619498,U09_S4_A05,rule_submit,54.4,0,1,0
U09,U09_S4,1791619574,U09_S4_A06,rule_submit,70.3,0,0,2
U09,U09_S4,1791619634,U09_S4_A07,syntax_error,1,0,0,0
U09,U09_S4,1791619634,U09_S4_A07,semantic_error,1,0,0,0
U09,U09_S4,1791619634,U09_S4_A07,rule_submit,54.8,0,0,0
U09,U09_S4,1791619700,U09_S4_A08,rule_submit,60.5,0,0,0
U09,U09_S4,1791619765,U09_S4_A09,rule_submit,59.8,0,0,0
U09,U09_S4,1791619827,U09_S4_A10,syntax_error,1,0,0,0
U09,U09_S4,1791619827,U09_S4_A10,rule_submit,56.8,0,0,0
U09,U09_S4,1791619894,U09_S4_A11,rule_submit,61.7,0,0,0
U09,U09_S4,1791619960,U09_S4_A12,syntax_error,1,0,0,0
U09,U09_S4,1791619960,U09_S4_A12,saved_rule_reused,1,0,0,0
U09,U09_S4,1791619960,U09_S4_A12,rule_submit,60.8,0,0,2
U10,U10_S1,1791684065,U10_S1_A01,rule_submit,59.3,1,0,0
U10,U10_S1,1791684126,U10_S1_A02,semantic_error,1,0,0,0
U10,U10_S1,1791684126,U10_S1_A02,rule_submit,55.9,0,0,0
U10,U10_S1,1791684196,U10_S1_A03,syntax_error,1,0,0,0
U10,U10_S1,1791684196,U10_S1_A03,rule_submit,64.2,0,0,0
U10,U10_S1,1791684270,U10_S1_A04,syntax_error,1,0,0,0
U10,U10_S1,1791684270,U10_S1_A04,rule_submit,68.4,0,0,0
U10,U10_S1,1791684336,U10_S1_A05,rule_submit,60.7,0,0,0
U10,U10_S1,1791684390,U10_S1_A06,rule_submit,48.9,0,0,0
U10,U10_S1,1791684478,U10_S1_A07,syntax_error,1,0,0,0
U10,U10_S1,1791684478,U10_S1_A07,semantic_error,1,0,0,0
U10,U10_S1,1791684478,U10_S1_A07,rule_submit,82.1,0,0,0
U10,U10_S1,1791684536,U10_S1_A08,semantic_error,1,0,0,0
U10,U10_S1,1791684536,U10_S1_A08,rule_submit,52.1,0,0,0
U10,U10_S1,1791684604,U10_S1_A09,rule_submit,62.6,0,0,0
U10,U10_S1,1791684671,U10_S1_A10,rule_submit,61.5,0,0,0
U10,U10_S1,1791684728,U10_S1_A11,syntax_error,1,0,0,0
U10,U10_S1,1791684728,U10_S1_A11,rule_submit,51.4,0,0,0
U10,U10_S1,1791684781,U10_S1_A12,syntax_error,1,0,0,0
U10,U10_S1,1791684781,U10_S1_A12,rule_submit,47.7,1,0,0
U10,U10_S2,1791691271,U10_S2_A01,rule_submit,65.6,0,0,0
U10,U10_S2,1791691310,U10_S2_A02,rule_submit,33.2,1,0,0
U10,U10_S2,1791691386,U10_S2_A03,rule_submit,71.0,0,0,0
U10,U10_S2,1791691435,U10_S2_A04,syntax_error,1,0,0,0
U10,U10_S2,1791691435,U10_S2_A04,rule_submit,43.8,0,0,0
U10,U10_S2,1791691495,U10_S2_A05,rule_submit,54.7,0,0,0
U10,U10_S2,1791691556,U10_S2_A06,syntax_error,1,0,0,0
U10,U10_S2,1791691556,U10_S2_A06,rule_submit,55.7,1,0,0
U10,U10_S2,1791691629,U10_S2_A07,rule_submit,67.1,0,0,0
U10,U10_S2,1791691695,U10_S2_A08,syntax_error,1,0,0,0
U10,U10_S2,1791691695,U10_S2_A08,semantic_error,1,0,0,0
U10,U10_S2,1791691695,U10_S2_A08,rule_submit,60.8,0,0,0
U10,U10_S2,1791691760,U10_S2_A09,rule_submit,59.1,0,0,0
U10,U10_S2,1791691838,U10_S2_A10,syntax_error,1,0,0,0
U10,U10_S2,1791691838,U10_S2_A10,rule_submit,72.9,0,0,0
U10,U10_S2,1791691896,U10_S2_A11,semantic_error,1,0,0,0
U10,U10_S2,1791691896,U10_S2_A11,rule_submit,52.9,0,0,0
U10,U10_S2,1791691972,U10_S2_A12,syntax_error,1,0,0,0
U10,U10_S2,1791691972,U10_S2_A12,rule_submit,70.8,0,0,2
U10,U10_S3,1791698467,U10_S3_A01,rule_submit,61.2,0,0,0
U10,U10_S3,1791698533,U10_S3_A02,rule_submit,60.7,0,0,0
U10,U10_S3,1791698590,U10_S3_A03,rule_submit,51.7,0,0,0
U10,U10_S3,1791698662,U10_S3_A04,rule_submit,66.3,0,0,0
U10,U10_S3,1791698720,U10_S3_A05,rule_submit,52.7,0,0,0
U10,U10_S3,1791698781,U10_S3_A06,rule_submit,55.4,0,0,0
U10,U10_S3,1791698845,U10_S3_A07,syntax_error,1,0,0,0
U10,U10_S3,1791698845,U10_S3_A07,saved_rule_reused,1,0,0,0
U10,U10_S3,1791698845,U10_S3_A07,rule_submit,58.5,0,0,0
U10,U10_S3,1791698900,U10_S3_A08,rule_submit,49.5,0,0,0
U10,U10_S3,1791698947,U10_S3_A09,rule_submit,41.2,0,0,0
U10,U10_S3,1791699002,U10_S3_A10,rule_submit,49.9,0,0,0
U10,U10_S3,1791699083,U10_S3_A11,rule_submit,76.0,0,0,2
U10,U10_S3,1791699149,U10_S3_A12,rule_submit,60.1,0,0,0
U10,U10_S4,1791705666,U10_S4_A01,syntax_error,1,0,0,0
U10,U10_S4,1791705666,U10_S4_A01,rule_submit,60.6,0,0,0
U10,U10_S4,1791705750,U10_S4_A02,syntax_error,1,0,0,0
U10,U10_S4,1791705750,U10_S4_A02,semantic_error,1,0,0,0
U10,U10_S4,1791705750,U10_S4_A02,rule_submit,78.1,0,0,0
U10,U10_S4,1791705810,U10_S4_A03,rule_submit,54.6,0,0,0
U10,U10_S4,1791705880,U10_S4_A04,rule_submit,64.3,0,0,0
U10,U10_S4,1791705949,U10_S4_A05,saved_rule_reused,1,0,0,0
U10,U10_S4,1791705949,U10_S4_A05,rule_submit,63.2,0,0,2
U10,U10_S4,1791706011,U10_S4_A06,syntax_error,1,0,0,0
U10,U10_S4,1791706011,U10_S4_A06,semantic_error,1,0,0,0
U10,U10_S4,1791706011,U10_S4_A06,rule_submit,56.5,1,0,0
U10,U10_S4,1791706077,U10_S4_A07,rule_submit,60.7,0,0,0
U10,U10_S4,1791706137,U10_S4_A08,rule_submit,54.2,0,0,0
U10,U10_S4,1791706195,U10_S4_A09,rule_submit,52.4,0,0,0
U10,U10_S4,1791706243,U10_S4_A10,syntax_error,1,0,0,0
U10,U10_S4,1791706243,U10_S4_A10,rule_submit,42.8,0,1,0
U10,U10_S4,1791706301,U10_S4_A11,rule_submit,52.4,0,0,0
U10,U10_S4,1791706362,U10_S4_A12,syntax_error,1,0,0,0
U10,U10_S4,1791706362,U10_S4_A12,rule_submit,56.0,0,0,0
U11,U11_S1,1791770502,U11_S1_A01,rule_submit,96.1,0,0,0
U11,U11_S1,1791770611,U11_S1_A02,syntax_error,1,0,0,0
U11,U11_S1,1791770611,U11_S1_A02,rule_submit,103.9,0,0,0
U11,U11_S1,1791770692,U11_S1_A03,rule_submit,75.3,0,0,0
U11,U11_S1,1791770786,U11_S1_A04,rule_submit,88.9,0,0,0
U11,U11_S1,1791770870,U11_S1_A05,rule_submit,79.0,0,0,0
U11,U11_S1,1791770936,U11_S1_A06,rule_submit,60.6,0,0,0
U11,U11_S1,1791771013,U11_S1_A07,rule_submit,72.0,0,0,0
U11,U11_S1,1791771096,U11_S1_A08,rule_submit,77.2,0,0,0
U11,U11_S1,1791771170,U11_S1_A09,semantic_error,1,0,0,0
U11,U11_S1,1791771170,U11_S1_A09,rule_submit,68.3,0,0,0
U11,U11_S1,1791771247,U11_S1_A10,rule_submit,71.9,0,0,0
U11,U11_S1,1791771336,U11_S1_A11,rule_submit,83.5,0,0,0
U11,U11_S1,1791771429,U11_S1_A12,rule_submit,87.8,0,0,0
U11,U11_S2,1791777696,U11_S2_A01,rule_submit,90.9,1,0,0
U11,U11_S2,1791777772,U11_S2_A02,rule_submit,70.7,0,0,0
U11,U11_S2,1791777861,U11_S2_A03,rule_submit,83.1,0,0,0
U11,U11_S2,1791777953,U11_S2_A04,rule_submit,86.9,0,0,0
U11,U11_S2,1791778051,U11_S2_A05,saved_rule_reused,1,0,0,0
U11,U11_S2,1791778051,U11_S2_A05,rule_submit,92.2,0,1,0
U11,U11_S2,1791778133,U11_S2_A06,syntax_error,1,0,0,0
U11,U11_S2,1791778133,U11_S2_A06,semantic_error,1,0,0,0
U11,U11_S2,1791778133,U11_S2_A06,rule_submit,76.8,0,0,0
U11,U11_S2,1791778232,U11_S2_A07,syntax_error,1,0,0,0
U11,U11_S2,1791778232,U11_S2_A07,rule_submit,93.3,0,0,0
U11,U11_S2,1791778329,U11_S2_A08,saved_rule_reused,1,0,0,0
U11,U11_S2,1791778329,U11_S2_A08,rule_submit,91.7,0,0,0
U11,U11_S2,1791778413,U11_S2_A09,rule_submit,78.4,0,0,0
U11,U11_S2,1791778490,U11_S2_A10,saved_rule_reused,1,0,0,0
U11,U11_S2,1791778490,U11_S2_A10,rule_submit,72.0,0,0,0
U11,U11_S2,1791778568,U11_S2_A11,saved_rule_reused,1,0,0,0
U11,U11_S2,1791778568,U11_S2_A11,rule_submit,72.8,0,0,2
U11,U11_S2,1791778675,U11_S2_A12,rule_submit,101.2,0,0,0
U11,U11_S3,1791784870,U11_S3_A01,syntax_error,1,0,0,0
U11,U11_S3,1791784870,U11_S3_A01,rule_submit,64.2,0,0,0
U11,U11_S3,1791784951,U11_S3_A02,syntax_error,1,0,0,0
U11,U11_S3,1791784951,U11_S3_A02,rule_submit,75.3,0,0,0
U11,U11_S3,1791785041,U11_S3_A03,rule_submit,84.1,0,0,0
U11,U11_S3,1791785130,U11_S3_A04,syntax_error,1,0,0,0
U11,U11_S3,1791785130,U11_S3_A04,rule_submit,83.8,0,0,0
U11,U11_S3,1791785189,U11_S3_A05,rule_submit,53.9,0,0,0
U11,U11_S3,1791785285,U11_S3_A06,rule_submit,90.9,0,0,0
U11,U11_S3,1791785347,U11_S3_A07,rule_submit,56.6,0,0,0
U11,U11_S3,1791785433,U11_S3_A08,rule_submit,80.3,0,0,0
U11,U11_S3,1791785504,U11_S3_A09,semantic_error,1,0,0,0
U11,U11_S3,1791785504,U11_S3_A09,saved_rule_reused,1,0,0,0
U11,U11_S3,1791785504,U11_S3_A09,rule_submit,65.3,0,0,0
U11,U11_S3,1791785579,U11_S3_A10,rule_submit,69.8,0,0,0
U11,U11_S3,1791785664,U11_S3_A11,rule_submit,80.0,0,0,0
U11,U11_S3,1791785750,U11_S3_A12,rule_submit,80.4,0,0,0
U11,U11_S4,1791792064,U11_S4_A01,semantic_error,1,0,0,0
U11,U11_S4,1791792064,U11_S4_A01,rule_submit,58.7,0,0,0
U11,U11_S4,1791792136,U11_S4_A02,syntax_error,1,0,0,0
U11,U11_S4,1791792136,U11_S4_A02,semantic_error,1,0,0,0
U11,U11_S4,1791792136,U11_S4_A02,rule_submit,66.5,0,0,0
U11,U11_S4,1791792210,U11_S4_A03,syntax_error,1,0,0,0
U11,U11_S4,1791792210,U11_S4_A03,rule_submit,68.8,0,0,0
U11,U11_S4,1791792280,U11_S4_A04,rule_submit,64.6,0,1,0
U11,U11_S4,1791792354,U11_S4_A05,rule_submit,68.6,0,0,0
U11,U11_S4,1791792451,U11_S4_A06,rule_submit,91.7,0,0,0
U11,U11_S4,1791792511,U11_S4_A07,syntax_error,1,0,0,0
U11,U11_S4,1791792511,U11_S4_A07,rule_submit,54.5,0,0,0
U11,U11_S4,1791792589,U11_S4_A08,semantic_error,1,0,0,0
U11,U11_S4,1791792589,U11_S4_A08,rule_submit,73.0,0,0,0
U11,U11_S4,1791792684,U11_S4_A09,rule_submit,89.8,0,0,0
U11,U11_S4,1791792762,U11_S4_A10,rule_submit,72.1,0,0,0
U11,U11_S4,1791792852,U11_S4_A11,rule_submit,84.8,0,0,0
U11,U11_S4,1791792910,U11_S4_A12,rule_submit,52.1,0,0,0
U12,U12_S1,1791856882,U12_S1_A01,rule_submit,76.8,0,0,0
U12,U12_S1,1791856953,U12_S1_A02,syntax_error,1,0,0,0
U12,U12_S1,1791856953,U12_S1_A02,rule_submit,65.4,0,0,0
U12,U12_S1,1791857051,U12_S1_A03,saved_rule_reused,1,0,0,0
U12,U12_S1,1791857051,U12_S1_A03,rule_submit,92.4,0,0,0
U12,U12_S1,1791857165,U12_S1_A04,syntax_error,1,0,0,0
U12,U12_S1,1791857165,U12_S1_A04,rule_submit,108.9,0,0,0
U12,U12_S1,1791857255,U12_S1_A05,syntax_error,1,0,0,0
U12,U12_S1,1791857255,U12_S1_A05,rule_submit,84.8,0,0,0
U12,U12_S1,1791857342,U12_S1_A06,rule_submit,82.0,0,0,0
U12,U12_S1,1791857436,U12_S1_A07,syntax_error,1,0,0,0
U12,U12_S1,1791857436,U12_S1_A07,semantic_error,1,0,0,0
U12,U12_S1,1791857436,U12_S1_A07,rule_submit,88.8,0,0,0
U12,U12_S1,1791857538,U12_S1_A08,rule_submit,96.4,0,0,0
U12,U12_S1,1791857648,U12_S1_A09,rule_submit,104.7,1,0,0
U12,U12_S1,1791857747,U12_S1_A10,syntax_error,1,0,0,0
U12,U12_S1,1791857747,U12_S1_A10,rule_submit,93.8,0,0,0
U12,U12_S1,1791857861,U12_S1_A11,syntax_error,1,0,0,0
U12,U12_S1,1791857861,U12_S1_A11,rule_submit,108.1,0,0,0
U12,U12_S1,1791857938,U12_S1_A12,rule_submit,71.9,0,0,0
U12,U12_S2,1791864108,U12_S2_A01,rule_submit,102.1,0,0,0
U12,U12_S2,1791864186,U12_S2_A02,rule_submit,72.4,0,0,0
U12,U12_S2,1791864277,U12_S2_A03,rule_submit,85.6,0,0,0
U12,U12_S2,1791864359,U12_S2_A04,rule_submit,76.8,0,0,0
U12,U12_S2,1791864448,U12_S2_A05,semantic_error,1,0,0,0
U12,U12_S2,1791864448,U12_S2_A05,rule_submit,83.3,0,0,0
U12,U12_S2,1791864504,U12_S2_A06,rule_submit,50.3,0,0,0
U12,U12_S2,1791864600,U12_S2_A07,syntax_error,1,0,0,0
U12,U12_S2,1791864600,U12_S2_A07,rule_submit,90.8,0,0,0
U12,U12_S2,1791864698,U12_S2_A08,semantic_error,1,0,0,0
U12,U12_S2,1791864698,U12_S2_A08,rule_submit,92.3,0,0,0
U12,U12_S2,1791864780,U12_S2_A09,rule_submit,77.0,0,0,0
U12,U12_S2,1791864870,U12_S2_A10,rule_submit,84.2,0,0,0
U12,U12_S2,1791864977,U12_S2_A11,semantic_error,1,0,0,0
U12,U12_S2,1791864977,U12_S2_A11,rule_submit,101.3,0,0,0
U12,U12_S2,1791865062,U12_S2_A12,syntax_error,1,0,0,0
U12,U12_S2,1791865062,U12_S2_A12,rule_submit,79.5,0,0,0
U12,U12_S3,1791871323,U12_S3_A01,rule_submit,117.8,1,0,0
U12,U12_S3,1791871408,U12_S3_A02,saved_rule_reused,1,0,0,0
U12,U12_S3,1791871408,U12_S3_A02,rule_submit,79.5,0,0,0
U12,U12_S3,1791871494,U12_S3_A03,rule_submit,81.0,0,0,0
U12,U12_S3,1791871602,U12_S3_A04,rule_submit,102.8,0,0,0
U12,U12_S3,1791871678,U12_S3_A05,semantic_error,1,0,0,0
U12,U12_S3,1791871678,U12_S3_A05,rule_submit,70.1,0,0,0
U12,U12_S3,1791871768,U12_S3_A06,rule_submit,84.5,1,0,0
U12,U12_S3,1791871850,U12_S3_A07,rule_submit,76.9,0,0,2
U12,U12_S3,1791871937,U12_S3_A08,rule_submit,81.4,0,1,0
U12,U12_S3,1791872026,U12_S3_A09,rule_submit,83.6,0,0,0
U12,U12_S3,1791872115,U12_S3_A10,rule_submit,83.5,0,0,0
U12,U12_S3,1791872190,U12_S3_A11,rule_submit,69.6,0,0,0
U12,U12_S3,1791872252,U12_S3_A12,syntax_error,1,0,0,0
U12,U12_S3,1791872252,U12_S3_A12,rule_submit,56.5,0,0,0
U12,U12_S4,1791878506,U12_S4_A01,syntax_error,1,0,0,0
U12,U12_S4,1791878506,U12_S4_A01,rule_submit,100.6,0,0,0
U12,U12_S4,1791878591,U12_S4_A02,rule_submit,79.5,0,0,0
U12,U12_S4,1791878648,U12_S4_A03,rule_submit,51.6,0,0,0
U12,U12_S4,1791878742,U12_S4_A04,semantic_error,1,0,0,0
U12,U12_S4,1791878742,U12_S4_A04,rule_submit,88.3,0,0,0
U12,U12_S4,1791878838,U12_S4_A05,rule_submit,90.1,0,0,0
U12,U12_S4,1791878925,U12_S4_A06,syntax_error,1,0,0,0
U12,U12_S4,1791878925,U12_S4_A06,semantic_error,1,0,0,0
U12,U12_S4,1791878925,U12_S4_A06,saved_rule_reused,1,0,0,0
U12,U12_S4,1791878925,U12_S4_A06,rule_submit,81.2,0,0,0
U12,U12_S4,1791878987,U12_S4_A07,rule_submit,56.6,0,0,0
U12,U12_S4,1791879064,U12_S4_A08,syntax_error,1,0,0,0
U12,U12_S4,1791879064,U12_S4_A08,semantic_error,1,0,0,0
U12,U12_S4,1791879064,U12_S4_A08,rule_submit,72.0,0,0,0
U12,U12_S4,1791879157,U12_S4_A09,rule_submit,87.7,0,0,0
U12,U12_S4,1791879237,U12_S4_A10,syntax_error,1,0,0,0
U12,U12_S4,1791879237,U12_S4_A10,rule_submit,74.1,0,0,0
U12,U12_S4,1791879332,U12_S4_A11,saved_rule_reused,1,0,0,0
U12,U12_S4,1791879332,U12_S4_A11,rule_submit,89.3,0,0,2
U12,U12_S4,1791879422,U12_S4_A12,rule_submit,84.2,0,0,0
U13,U13_S1,1791943262,U13_S1_A01,rule_submit,56.8,0,0,0
U13,U13_S1,1791943316,U13_S1_A02,semantic_error,1,0,0,0
U13,U13_S1,1791943316,U13_S1_A02,rule_submit,48.2,1,0,0
U13,U13_S1,1791943379,U13_S1_A03,syntax_error,1,0,0,0
U13,U13_S1,1791943379,U13_S1_A03,saved_rule_reused,1,0,0,0
U13,U13_S1,1791943379,U13_S1_A03,rule_submit,57.5,0,0,0
U13,U13_S1,1791943435,U13_S1_A04,rule_submit,50.6,0,1,0
U13,U13_S1,1791943498,U13_S1_A05,semantic_error,1,0,0,0
U13,U13_S1,1791943498,U13_S1_A05,saved_rule_reused,1,0,0,0
U13,U13_S1,1791943498,U13_S1_A05,rule_submit,58.0,0,0,0
U13,U13_S1,1791943554,U13_S1_A06,rule_submit,50.6,0,0,0
U13,U13_S1,1791943616,U13_S1_A07,rule_submit,56.3,0,0,0
U13,U13_S1,1791943675,U13_S1_A08,saved_rule_reused,1,0,0,0
U13,U13_S1,1791943675,U13_S1_A08,rule_submit,53.1,0,0,2
U13,U13_S1,1791943723,U13_S1_A09,rule_submit,42.8,0,0,0
U13,U13_S1,1791943784,U13_S1_A10,rule_submit,55.9,0,0,0
U13,U13_S1,1791943834,U13_S1_A11,semantic_error,1,0,0,0
U13,U13_S1,1791943834,U13_S1_A11,rule_submit,44.4,0,0,2
U13,U13_S1,1791943889,U13_S1_A12,saved_rule_reused,1,0,0,0
U13,U13_S1,1791943889,U13_S1_A12,rule_submit,49.9,0,0,0
U13,U13_S2,1791950464,U13_S2_A01,syntax_error,1,0,0,0
U13,U13_S2,1791950464,U13_S2_A01,saved_rule_reused,1,0,0,0
U13,U13_S2,1791950464,U13_S2_A01,rule_submit,58.3,0,0,0
U13,U13_S2,1791950517,U13_S2_A02,rule_submit,47.5,0,0,0
U13,U13_S2,1791950562,U13_S2_A03,saved_rule_reused,1,0,0,0
U13,U13_S2,1791950562,U13_S2_A03,rule_submit,39.2,0,0,0
U13,U13_S2,1791950605,U13_S2_A04,semantic_error,1,0,0,0
U13,U13_S2,1791950605,U13_S2_A04,rule_submit,37.9,0,0,0
U13,U13_S2,1791950670,U13_S2_A05,syntax_error,1,0,0,0
U13,U13_S2,1791950670,U13_S2_A05,saved_rule_reused,1,0,0,0
U13,U13_S2,1791950670,U13_S2_A05,rule_submit,59.2,0,0,0
U13,U13_S2,1791950728,U13_S2_A06,rule_submit,52.5,0,0,2
U13,U13_S2,1791950792,U13_S2_A07,saved_rule_reused,1,0,0,0
U13,U13_S2,1791950792,U13_S2_A07,rule_submit,58.9,0,0,0
U13,U13_S2,1791950848,U13_S2_A08,rule_submit,50.2,0,0,0
U13,U13_S2,1791950903,U13_S2_A09,saved_rule_reused,1,0,0,0
U13,U13_S2,1791950903,U13_S2_A09,rule_submit,49.5,0,1,0
U13,U13_S2,1791950959,U13_S2_A10,rule_submit,50.7,1,0,0
U13,U13_S2,1791951020,U13_S2_A11,saved_rule_reused,1,0,0,0
U13,U13_S2,1791951020,U13_S2_A11,rule_submit,55.4,0,0,0
U13,U13_S2,1791951071,U13_S2_A12,rule_submit,45.8,0,1,0
U13,U13_S3,1791957645,U13_S3_A01,saved_rule_reused,1,0,0,0
U13,U13_S3,1791957645,U13_S3_A01,rule_submit,39.4,0,0,0
U13,U13_S3,1791957699,U13_S3_A02,rule_submit,48.7,0,0,0
U13,U13_S3,1791957759,U13_S3_A03,rule_submit,54.1,0,0,0
U13,U13_S3,1791957815,U13_S3_A04,syntax_error,1,0,0,0
U13,U13_S3,1791957815,U13_S3_A04,rule_submit,50.4,0,0,0
U13,U13_S3,1791957878,U13_S3_A05,rule_submit,57.8,0,1,0
U13,U13_S3,1791957906,U13_S3_A06,rule_submit,22.1,0,0,0
U13,U13_S3,1791957963,U13_S3_A07,semantic_error,1,0,0,0
U13,U13_S3,1791957963,U13_S3_A07,rule_submit,51.9,0,0,2
U13,U13_S3,1791958029,U13_S3_A08,rule_submit,60.9,1,0,0
U13,U13_S3,1791958094,U13_S3_A09,syntax_error,1,0,0,0
U13,U13_S3,1791958094,U13_S3_A09,rule_submit,59.4,0,0,0
U13,U13_S3,1791958147,U13_S3_A10,rule_submit,47.9,0,0,0
U13,U13_S3,1791958185,U13_S3_A11,rule_submit,32.8,0,0,2
U13,U13_S3,1791958266,U13_S3_A12,saved_rule_reused,1,0,0,0
U13,U13_S3,1791958266,U13_S3_A12,rule_submit,75.9,0,0,0
U13,U13_S4,1791964859,U13_S4_A01,rule_submit,53.7,0,0,0
U13,U13_S4,1791964915,U13_S4_A02,saved_rule_reused,1,0,0,0
U13,U13_S4,1791964915,U13_S4_A02,rule_submit,50.6,0,0,0
U13,U13_S4,1791964975,U13_S4_A03,rule_submit,54.9,0,0,0
U13,U13_S4,1791965028,U13_S4_A04,saved_rule_reused,1,0,0,0
U13,U13_S4,1791965028,U13_S4_A04,rule_submit,47.1,0,1,0
U13,U13_S4,1791965077,U13_S4_A05,semantic_error,1,0,0,0
U13,U13_S4,1791965077,U13_S4_A05,saved_rule_reused,1,0,0,0
U13,U13_S4,1791965077,U13_S4_A05,rule_submit,43.8,0,0,2
U13,U13_S4,1791965131,U13_S4_A06,saved_rule_reused,1,0,0,0
U13,U13_S4,1791965131,U13_S4_A06,rule_submit,48.2,0,0,0
U13,U13_S4,1791965198,U13_S4_A07,syntax_error,1,0,0,0
U13,U13_S4,1791965198,U13_S4_A07,semantic_error,1,0,0,0
U13,U13_S4,1791965198,U13_S4_A07,saved_rule_reused,1,0,0,0
U13,U13_S4,1791965198,U13_S4_A07,rule_submit,61.5,0,0,0
U13,U13_S4,1791965251,U13_S4_A08,saved_rule_reused,1,0,0,0
U13,U13_S4,1791965251,U13_S4_A08,rule_submit,47.4,0,0,0
U13,U13_S4,1791965311,U13_S4_A09,saved_rule_reused,1,0,0,0
U13,U13_S4,1791965311,U13_S4_A09,rule_submit,54.6,0,1,0
U13,U13_S4,1791965363,U13_S4_A10,rule_submit,46.5,0,1,0
U13,U13_S4,1791965425,U13_S4_A11,rule_submit,56.3,0,1,0
U13,U13_S4,1791965481,U13_S4_A12,saved_rule_reused,1,0,0,0
U13,U13_S4,1791965481,U13_S4_A12,rule_submit,51.0,1,0,0
U14,U14_S1,1792029659,U14_S1_A01,rule_submit,53.1,0,0,0
U14,U14_S1,1792029725,U14_S1_A02,rule_submit,60.4,0,0,0
U14,U14_S1,1792029783,U14_S1_A03,saved_rule_reused,1,0,0,0
U14,U14_S1,1792029783,U14_S1_A03,rule_submit,52.9,0,0,0
U14,U14_S1,1792029846,U14_S1_A04,saved_rule_reused,1,0,0,0
U14,U14_S1,1792029846,U14_S1_A04,rule_submit,57.4,0,0,0
U14,U14_S1,1792029900,U14_S1_A05,rule_submit,48.5,0,0,2
U14,U14_S1,1792029968,U14_S1_A06,saved_rule_reused,1,0,0,0
U14,U14_S1,1792029968,U14_S1_A06,rule_submit,62.4,1,0,0
U14,U14_S1,1792030015,U14_S1_A07,semantic_error,1,0,0,0
U14,U14_S1,1792030015,U14_S1_A07,rule_submit,41.5,0,0,0
U14,U14_S1,1792030064,U14_S1_A08,saved_rule_reused,1,0,0,0
U14,U14_S1,1792030064,U14_S1_A08,rule_submit,44.0,1,0,0
U14,U14_S1,1792030123,U14_S1_A09,rule_submit,53.2,0,1,0
U14,U14_S1,1792030181,U14_S1_A10,saved_rule_reused,1,0,0,0
U14,U14_S1,1792030181,U14_S1_A10,rule_submit,52.6,1,0,0
U14,U14_S1,1792030235,U14_S1_A11,semantic_error,1,0,0,0
U14,U14_S1,1792030235,U14_S1_A11,rule_submit,48.9,0,0,0
U14,U14_S1,1792030312,U14_S1_A12,rule_submit,72.0,0,0,2
U14,U14_S2,1792036871,U14_S2_A01,saved_rule_reused,1,0,0,0
U14,U14_S2,1792036871,U14_S2_A01,rule_submit,65.3,0,1,0
U14,U14_S2,1792036910,U14_S2_A02,saved_rule_reused,1,0,0,0
U14,U14_S2,1792036910,U14_S2_A02,rule_submit,33.7,0,0,2
U14,U14_S2,1792036969,U14_S2_A03,rule_submit,53.8,0,1,0
U14,U14_S2,1792037019,U14_S2_A04,saved_rule_reused,1,0,0,0
U14,U14_S2,1792037019,U14_S2_A04,rule_submit,44.6,0,0,0
U14,U14_S2,1792037094,U14_S2_A05,rule_submit,69.3,0,0,0
U14,U14_S2,1792037170,U14_S2_A06,rule_submit,70.4,0,0,2
U14,U14_S2,1792037235,U14_S2_A07,saved_rule_reused,1,0,0,0
U14,U14_S2,1792037235,U14_S2_A07,rule_submit,59.2,0,0,0
U14,U14_S2,1792037296,U14_S2_A08,rule_submit,55.3,0,1,0
U14,U14_S2,1792037340,U14_S2_A09,semantic_error,1,0,0,0
U14,U14_S2,1792037340,U14_S2_A09,rule_submit,38.1,0,0,0
U14,U14_S2,1792037406,U14_S2_A10,rule_submit,60.6,0,0,0
U14,U14_S2,1792037464,U14_S2_A11,saved_rule_reused,1,0,0,0
U14,U14_S2,1792037464,U14_S2_A11,rule_submit,53.0,0,0,0
U14,U14_S2,1792037540,U14_S2_A12,saved_rule_reused,1,0,0,0
U14,U14_S2,1792037540,U14_S2_A12,rule_submit,70.6,0,0,2
U14,U14_S3,1792044051,U14_S3_A01,rule_submit,46.0,0,0,0
U14,U14_S3,1792044119,U14_S3_A02,rule_submit,62.8,0,0,0
U14,U14_S3,1792044177,U14_S3_A03,saved_rule_reused,1,0,0,0
U14,U14_S3,1792044177,U14_S3_A03,rule_submit,52.8,0,0,0
U14,U14_S3,1792044243,U14_S3_A04,saved_rule_reused,1,0,0,0
U14,U14_S3,1792044243,U14_S3_A04,rule_submit,60.4,0,1,0
U14,U14_S3,1792044299,U14_S3_A05,saved_rule_reused,1,0,0,0
U14,U14_S3,1792044299,U14_S3_A05,rule_submit,50.8,0,0,0
U14,U14_S3,1792044358,U14_S3_A06,saved_rule_reused,1,0,0,0
U14,U14_S3,1792044358,U14_S3_A06,rule_submit,53.9,0,0,0
U14,U14_S3,1792044422,U14_S3_A07,saved_rule_reused,1,0,0,0
U14,U14_S3,1792044422,U14_S3_A07,rule_submit,59.0,0,0,0
U14,U14_S3,1792044485,U14_S3_A08,semantic_error,1,0,0,0
U14,U14_S3,1792044485,U14_S3_A08,rule_submit,57.4,0,0,0
U14,U14_S3,1792044529,U14_S3_A09,semantic_error,1,0,0,0
U14,U14_S3,1792044529,U14_S3_A09,rule_submit,38.6,1,0,0
U14,U14_S3,1792044591,U14_S3_A10,rule_submit,56.1,0,0,0
U14,U14_S3,1792044654,U14_S3_A11,saved_rule_reused,1,0,0,0
U14,U14_S3,1792044654,U14_S3_A11,rule_submit,57.3,0,1,0
U14,U14_S3,1792044695,U14_S3_A12,saved_rule_reused,1,0,0,0
U14,U14_S3,1792044695,U14_S3_A12,rule_submit,35.5,0,0,2
U14,U14_S4,1792051264,U14_S4_A01,rule_submit,59.0,0,0,2
U14,U14_S4,1792051325,U14_S4_A02,semantic_error,1,0,0,0
U14,U14_S4,1792051325,U14_S4_A02,rule_submit,55.5,0,0,0
U14,U14_S4,1792051366,U14_S4_A03,rule_submit,36.0,0,0,0
U14,U14_S4,1792051426,U14_S4_A04,saved_rule_reused,1,0,0,0
U14,U14_S4,1792051426,U14_S4_A04,rule_submit,54.5,0,0,0
U14,U14_S4,1792051490,U14_S4_A05,rule_submit,58.3,0,0,2
U14,U14_S4,1792051538,U14_S4_A06,rule_submit,42.2,0,0,0
U14,U14_S4,1792051604,U14_S4_A07,rule_submit,60.8,0,0,0
U14,U14_S4,1792051639,U14_S4_A08,semantic_error,1,0,0,0
U14,U14_S4,1792051639,U14_S4_A08,rule_submit,29.7,0,0,0
U14,U14_S4,1792051703,U14_S4_A09,saved_rule_reused,1,0,0,0
U14,U14_S4,1792051703,U14_S4_A09,rule_submit,58.9,0,0,0
U14,U14_S4,1792051765,U14_S4_A10,rule_submit,56.3,0,0,0
U14,U14_S4,1792051829,U14_S4_A11,semantic_error,1,0,0,0
U14,U14_S4,1792051829,U14_S4_A11,saved_rule_reused,1,0,0,0
U14,U14_S4,1792051829,U14_S4_A11,rule_submit,58.4,0,0,0
U14,U14_S4,1792051882,U14_S4_A12,rule_submit,47.2,1,0,0
U15,U15_S1,1792116052,U15_S1_A01,rule_submit,47.0,0,0,0
U15,U15_S1,1792116095,U15_S1_A02,rule_submit,37.3,0,0,0
U15,U15_S1,1792116155,U15_S1_A03,rule_submit,54.6,0,0,0
U15,U15_S1,1792116200,U15_S1_A04,rule_submit,39.1,1,0,0
U15,U15_S1,1792116240,U15_S1_A05,syntax_error,1,0,0,0
U15,U15_S1,1792116240,U15_S1_A05,saved_rule_reused,1,0,0,0
U15,U15_S1,1792116240,U15_S1_A05,rule_submit,35.0,0,0,0
U15,U15_S1,1792116286,U15_S1_A06,syntax_error,1,0,0,0
U15,U15_S1,1792116286,U15_S1_A06,rule_submit,40.2,0,0,0
U15,U15_S1,1792116331,U15_S1_A07,rule_submit,39.9,0,0,0
U15,U15_S1,1792116377,U15_S1_A08,rule_submit,41.0,0,0,0
U15,U15_S1,1792116411,U15_S1_A09,saved_rule_reused,1,0,0,0
U15,U15_S1,1792116411,U15_S1_A09,rule_submit,29.0,0,0,0
U15,U15_S1,1792116452,U15_S1_A10,semantic_error,1,0,0,0
U15,U15_S1,1792116452,U15_S1_A10,rule_submit,35.6,0,0,0
U15,U15_S1,1792116497,U15_S1_A11,rule_submit,39.9,0,0,0
U15,U15_S1,1792116549,U15_S1_A12,rule_submit,46.8,0,0,0
U15,U15_S2,1792123235,U15_S2_A01,saved_rule_reused,1,0,0,0
U15,U15_S2,1792123235,U15_S2_A01,rule_submit,29.9,0,0,0
U15,U15_S2,1792123269,U15_S2_A02,saved_rule_reused,1,0,0,0
U15,U15_S2,1792123269,U15_S2_A02,rule_submit,28.9,0,0,0
U15,U15_S2,1792123312,U15_S2_A03,rule_submit,37.7,0,0,2
U15,U15_S2,1792123361,U15_S2_A04,rule_submit,43.1,0,1,0
U15,U15_S2,1792123411,U15_S2_A05,rule_submit,44.8,0,1,0
U15,U15_S2,1792123451,U15_S2_A06,rule_submit,34.6,0,0,2
U15,U15_S2,1792123497,U15_S2_A07,saved_rule_reused,1,0,0,0
U15,U15_S2,1792123497,U15_S2_A07,rule_submit,40.2,0,0,0
U15,U15_S2,1792123536,U15_S2_A08,rule_submit,33.7,0,0,0
U15,U15_S2,1792123580,U15_S2_A09,saved_rule_reused,1,0,0,0
U15,U15_S2,1792123580,U15_S2_A09,rule_submit,38.8,0,0,0
U15,U15_S2,1792123616,U15_S2_A10,saved_rule_reused,1,0,0,0
U15,U15_S2,1792123616,U15_S2_A10,rule_submit,30.8,1,0,0
U15,U15_S2,1792123662,U15_S2_A11,rule_submit,40.1,1,0,0
U15,U15_S2,1792123697,U15_S2_A12,rule_submit,29.2,0,0,0
U15,U15_S3,1792130443,U15_S3_A01,rule_submit,37.1,1,0,0
U15,U15_S3,1792130490,U15_S3_A02,rule_submit,41.4,1,0,0
U15,U15_S3,1792130539,U15_S3_A03,semantic_error,1,0,0,0
U15,U15_S3,1792130539,U15_S3_A03,saved_rule_reused,1,0,0,0
U15,U15_S3,1792130539,U15_S3_A03,rule_submit,44.0,0,0,0
U15,U15_S3,1792130567,U15_S3_A04,rule_submit,23.0,0,0,0
U15,U15_S3,1792130611,U15_S3_A05,syntax_error,1,0,0,0
U15,U15_S3,1792130611,U15_S3_A05,semantic_error,1,0,0,0
U15,U15_S3,1792130611,U15_S3_A05,saved_rule_reused,1,0,0,0
U15,U15_S3,1792130611,U15_S3_A05,rule_submit,38.3,0,0,0
U15,U15_S3,1792130654,U15_S3_A06,syntax_error,1,0,0,0
U15,U15_S3,1792130654,U15_S3_A06,rule_submit,37.2,0,0,0
U15,U15_S3,1792130696,U15_S3_A07,rule_submit,36.3,0,0,0
U15,U15_S3,1792130731,U15_S3_A08,rule_submit,29.4,0,0,0
U15,U15_S3,1792130774,U15_S3_A09,rule_submit,37.8,0,1,0
U15,U15_S3,1792130811,U15_S3_A10,semantic_error,1,0,0,0
U15,U15_S3,1792130811,U15_S3_A10,rule_submit,31.2,0,0,0
U15,U15_S3,1792130841,U15_S3_A11,rule_submit,24.8,0,0,0
U15,U15_S3,1792130888,U15_S3_A12,rule_submit,41.5,0,0,0
U15,U15_S4,1792137646,U15_S4_A01,rule_submit,40.6,0,0,0
U15,U15_S4,1792137690,U15_S4_A02,rule_submit,38.9,0,0,2
U15,U15_S4,1792137737,U15_S4_A03,rule_submit,41.4,0,0,0
U15,U15_S4,1792137784,U15_S4_A04,rule_submit,41.9,0,0,0
U15,U15_S4,1792137825,U15_S4_A05,rule_submit,36.0,0,1,0
U15,U15_S4,1792137869,U15_S4_A06,syntax_error,1,0,0,0
U15,U15_S4,1792137869,U15_S4_A06,saved_rule_reused,1,0,0,0
U15,U15_S4,1792137869,U15_S4_A06,rule_submit,38.3,1,0,0
U15,U15_S4,1792137906,U15_S4_A07,saved_rule_reused,1,0,0,0
U15,U15_S4,1792137906,U15_S4_A07,rule_submit,31.1,1,0,0
U15,U15_S4,1792137940,U15_S4_A08,rule_submit,28.3,0,0,0
U15,U15_S4,1792137981,U15_S4_A09,saved_rule_reused,1,0,0,0
U15,U15_S4,1792137981,U15_S4_A09,rule_submit,35.2,0,0,0
U15,U15_S4,1792138023,U15_S4_A10,saved_rule_reused,1,0,0,0
U15,U15_S4,1792138023,U15_S4_A10,rule_submit,36.6,0,0,0
U15,U15_S4,1792138065,U15_S4_A11,syntax_error,1,0,0,0
U15,U15_S4,1792138065,U15_S4_A11,rule_submit,37.0,0,1,0
U15,U15_S4,1792138108,U15_S4_A12,rule_submit,37.7,0,0,0
U16,U16_S1,1792202457,U16_S1_A01,saved_rule_reused,1,0,0,0
U16,U16_S1,1792202457,U16_S1_A01,rule_submit,51.5,0,0,2
U16,U16_S1,1792202516,U16_S1_A02,saved_rule_reused,1,0,0,0
U16,U16_S1,1792202516,U16_S1_A02,rule_submit,53.9,0,1,0
U16,U16_S1,1792202565,U16_S1_A03,rule_submit,43.3,0,0,2
U16,U16_S1,1792202627,U16_S1_A04,saved_rule_reused,1,0,0,0
U16,U16_S1,1792202627,U16_S1_A04,rule_submit,56.1,0,0,0
U16,U16_S1,1792202699,U16_S1_A05,rule_submit,66.3,0,0,2
U16,U16_S1,1792202755,U16_S1_A06,syntax_error,1,0,0,0
U16,U16_S1,1792202755,U16_S1_A06,saved_rule_reused,1,0,0,0
U16,U16_S1,1792202755,U16_S1_A06,rule_submit,50.8,0,0,2
U16,U16_S1,1792202815,U16_S1_A07,rule_submit,54.5,0,0,0
U16,U16_S1,1792202884,U16_S1_A08,syntax_error,1,0,0,0
U16,U16_S1,1792202884,U16_S1_A08,saved_rule_reused,1,0,0,0
U16,U16_S1,1792202884,U16_S1_A08,rule_submit,63.3,0,0,2
U16,U16_S1,1792202928,U16_S1_A09,rule_submit,38.5,0,0,0
U16,U16_S1,1792202987,U16_S1_A10,saved_rule_reused,1,0,0,0
U16,U16_S1,1792202987,U16_S1_A10,rule_submit,54.0,0,0,0
U16,U16_S1,1792203034,U16_S1_A11,saved_rule_reused,1,0,0,0
U16,U16_S1,1792203034,U16_S1_A11,rule_submit,41.7,1,0,0
U16,U16_S1,1792203089,U16_S1_A12,syntax_error,1,0,0,0
U16,U16_S1,1792203089,U16_S1_A12,rule_submit,49.1,0,0,0
U16,U16_S2,1792209654,U16_S2_A01,saved_rule_reused,1,0,0,0
U16,U16_S2,1792209654,U16_S2_A01,rule_submit,48.7,0,0,2
U16,U16_S2,1792209721,U16_S2_A02,rule_submit,61.2,0,0,2
U16,U16_S2,1792209777,U16_S2_A03,rule_submit,50.7,1,0,0
U16,U16_S2,1792209839,U16_S2_A04,saved_rule_reused,1,0,0,0
U16,U16_S2,1792209839,U16_S2_A04,rule_submit,56.5,1,0,0
U16,U16_S2,1792209892,U16_S2_A05,semantic_error,1,0,0,0
U16,U16_S2,1792209892,U16_S2_A05,saved_rule_reused,1,0,0,0
U16,U16_S2,1792209892,U16_S2_A05,rule_submit,47.5,0,1,0
U16,U16_S2,1792209945,U16_S2_A06,saved_rule_reused,1,0,0,0
U16,U16_S2,1792209945,U16_S2_A06,rule_submit,47.4,0,1,0
U16,U16_S2,1792209993,U16_S2_A07,saved_rule_reused,1,0,0,0
U16,U16_S2,1792209993,U16_S2_A07,rule_submit,42.1,1,0,0
U16,U16_S2,1792210064,U16_S2_A08,rule_submit,66.0,0,0,2
U16,U16_S2,1792210121,U16_S2_A09,rule_submit,51.3,0,0,0
U16,U16_S2,1792210178,U16_S2_A10,saved_rule_reused,1,0,0,0
U16,U16_S2,1792210178,U16_S2_A10,rule_submit,51.6,0,0,0
U16,U16_S2,1792210232,U16_S2_A11,rule_submit,48.9,0,0,2
U16,U16_S2,1792210288,U16_S2_A12,rule_submit,51.0,0,1,0
U16,U16_S3,1792216857,U16_S3_A01,syntax_error,1,0,0,0
U16,U16_S3,1792216857,U16_S3_A01,saved_rule_reused,1,0,0,0
U16,U16_S3,1792216857,U16_S3_A01,rule_submit,51.1,0,0,0
U16,U16_S3,1792216920,U16_S3_A02,rule_submit,57.4,0,0,0
U16,U16_S3,1792216991,U16_S3_A03,semantic_error,1,0,0,0
U16,U16_S3,1792216991,U16_S3_A03,rule_submit,65.5,1,0,0
U16,U16_S3,1792217049,U16_S3_A04,rule_submit,53.0,1,0,0
U16,U16_S3,1792217092,U16_S3_A05,rule_submit,37.9,0,0,0
U16,U16_S3,1792217152,U16_S3_A06,saved_rule_reused,1,0,0,0
U16,U16_S3,1792217152,U16_S3_A06,rule_submit,54.6,0,0,0
U16,U16_S3,1792217193,U16_S3_A07,rule_submit,35.1,1,0,0
U16,U16_S3,1792217235,U16_S3_A08,saved_rule_reused,1,0,0,0
U16,U16_S3,1792217235,U16_S3_A08,rule_submit,36.4,0,0,2
U16,U16_S3,1792217279,U16_S3_A09,rule_submit,38.4,1,0,0
U16,U16_S3,1792217338,U16_S3_A10,rule_submit,53.1,0,1,0
U16,U16_S3,1792217397,U16_S3_A11,saved_rule_reused,1,0,0,0
U16,U16_S3,1792217397,U16_S3_A11,rule_submit,53.7,0,0,0
U16,U16_S3,1792217446,U16_S3_A12,saved_rule_reused,1,0,0,0
U16,U16_S3,1792217446,U16_S3_A12,rule_submit,43.6,1,0,0
U16,U16_S4,1792224042,U16_S4_A01,rule_submit,37.0,1,0,0
U16,U16_S4,1792224085,U16_S4_A02,saved_rule_reused,1,0,0,0
U16,U16_S4,1792224085,U16_S4_A02,rule_submit,37.7,0,0,0
U16,U16_S4,1792224139,U16_S4_A03,rule_submit,48.3,0,0,0
U16,U16_S4,1792224196,U16_S4_A04,rule_submit,51.2,0,0,2
U16,U16_S4,1792224259,U16_S4_A05,rule_submit,57.7,0,0,0
U16,U16_S4,1792224313,U16_S4_A06,syntax_error,1,0,0,0
U16,U16_S4,1792224313,U16_S4_A06,rule_submit,48.9,0,0,0
U16,U16_S4,1792224369,U16_S4_A07,rule_submit,51.0,0,0,2
U16,U16_S4,1792224417,U16_S4_A08,saved_rule_reused,1,0,0,0
U16,U16_S4,1792224417,U16_S4_A08,rule_submit,42.2,0,1,0
U16,U16_S4,1792224464,U16_S4_A09,rule_submit,41.9,0,0,2
U16,U16_S4,1792224505,U16_S4_A10,semantic_error,1,0,0,0
U16,U16_S4,1792224505,U16_S4_A10,saved_rule_reused,1,0,0,0
U16,U16_S4,1792224505,U16_S4_A10,rule_submit,35.7,0,0,0
U16,U16_S4,1792224550,U16_S4_A11,saved_rule_reused,1,0,0,0
U16,U16_S4,1792224550,U16_S4_A11,rule_submit,39.8,0,1,0
U16,U16_S4,1792224590,U16_S4_A12,saved_rule_reused,1,0,0,0
U16,U16_S4,1792224590,U16_S4_A12,rule_submit,34.8,0,0,0
U17,U17_S1,1792288857,U17_S1_A01,saved_rule_reused,1,0,0,0
U17,U17_S1,1792288857,U17_S1_A01,rule_submit,51.3,0,0,0
U17,U17_S1,1792288908,U17_S1_A02,semantic_error,1,0,0,0
U17,U17_S1,1792288908,U17_S1_A02,saved_rule_reused,1,0,0,0
U17,U17_S1,1792288908,U17_S1_A02,rule_submit,45.5,0,0,0
U17,U17_S1,1792288975,U17_S1_A03,saved_rule_reused,1,0,0,0
U17,U17_S1,1792288975,U17_S1_A03,rule_submit,61.4,0,1,0
U17,U17_S1,1792289028,U17_S1_A04,rule_submit,47.7,1,0,0
U17,U17_S1,1792289082,U17_S1_A05,saved_rule_reused,1,0,0,0
U17,U17_S1,1792289082,U17_S1_A05,rule_submit,48.1,1,0,0
U17,U17_S1,1792289132,U17_S1_A06,rule_submit,44.5,1,0,0
U17,U17_S1,1792289193,U17_S1_A07,syntax_error,1,0,0,0
U17,U17_S1,1792289193,U17_S1_A07,saved_rule_reused,1,0,0,0
U17,U17_S1,1792289193,U17_S1_A07,rule_submit,55.2,0,1,0
U17,U17_S1,1792289254,U17_S1_A08,rule_submit,55.9,0,0,0
U17,U17_S1,1792289309,U17_S1_A09,rule_submit,49.6,0,0,2
U17,U17_S1,1792289374,U17_S1_A10,rule_submit,59.4,1,0,0
U17,U17_S1,1792289432,U17_S1_A11,rule_submit,52.9,0,0,0
U17,U17_S1,1792289483,U17_S1_A12,saved_rule_reused,1,0,0,0
U17,U17_S1,1792289483,U17_S1_A12,rule_submit,45.5,0,0,0
U17,U17_S2,1792296066,U17_S2_A01,semantic_error,1,0,0,0
U17,U17_S2,1792296066,U17_S2_A01,saved_rule_reused,1,0,0,0
U17,U17_S2,1792296066,U17_S2_A01,rule_submit,60.3,0,1,0
U17,U17_S2,1792296108,U17_S2_A02,rule_submit,36.7,0,0,0
U17,U17_S2,1792296164,U17_S2_A03,rule_submit,50.6,0,1,0
U17,U17_S2,1792296210,U17_S2_A04,saved_rule_reused,1,0,0,0
U17,U17_S2,1792296210,U17_S2_A04,rule_submit,40.3,0,0,0
U17,U17_S2,1792296270,U17_S2_A05,rule_submit,54.5,0,1,0
U17,U17_S2,1792296341,U17_S2_A06,rule_submit,66.0,0,1,0
U17,U17_S2,1792296396,U17_S2_A07,rule_submit,49.7,0,0,2
U17,U17_S2,1792296454,U17_S2_A08,saved_rule_reused,1,0,0,0
U17,U17_S2,1792296454,U17_S2_A08,rule_submit,52.5,0,0,0
U17,U17_S2,1792296507,U17_S2_A09,saved_rule_reused,1,0,0,0
U17,U17_S2,1792296507,U17_S2_A09,rule_submit,47.6,0,0,0
U17,U17_S2,1792296560,U17_S2_A10,saved_rule_reused,1,0,0,0
U17,U17_S2,1792296560,U17_S2_A10,rule_submit,48.0,0,1,0
U17,U17_S2,1792296614,U17_S2_A11,rule_submit,48.9,0,0,0
U17,U17_S2,1792296670,U17_S2_A12,saved_rule_reused,1,0,0,0
U17,U17_S2,1792296670,U17_S2_A12,rule_submit,50.1,0,1,0
U17,U17_S3,1792303253,U17_S3_A01,rule_submit,47.8,0,1,0
U17,U17_S3,1792303307,U17_S3_A02,rule_submit,48.1,0,0,0
U17,U17_S3,1792303363,U17_S3_A03,rule_submit,51.0,0,0,0
U17,U17_S3,1792303422,U17_S3_A04,rule_submit,53.9,0,0,0
U17,U17_S3,1792303464,U17_S3_A05,rule_submit,37.0,0,0,0
U17,U17_S3,1792303514,U17_S3_A06,rule_submit,44.2,0,1,0
U17,U17_S3,1792303575,U17_S3_A07,saved_rule_reused,1,0,0,0
U17,U17_S3,1792303575,U17_S3_A07,rule_submit,55.7,1,0,0
U17,U17_S3,1792303636,U17_S3_A08,semantic_error,1,0,0,0
U17,U17_S3,1792303636,U17_S3_A08,saved_rule_reused,1,0,0,0
U17,U17_S3,1792303636,U17_S3_A08,rule_submit,55.7,0,0,2
U17,U17_S3,1792303692,U17_S3_A09,rule_submit,50.9,0,0,0
U17,U17_S3,1792303743,U17_S3_A10,semantic_error,1,0,0,0
U17,U17_S3,1792303743,U17_S3_A10,saved_rule_reused,1,0,0,0
U17,U17_S3,1792303743,U17_S3_A10,rule_submit,45.3,1,0,0
U17,U17_S3,1792303797,U17_S3_A11,saved_rule_reused,1,0,0,0
U17,U17_S3,1792303797,U17_S3_A11,rule_submit,48.8,0,0,0
U17,U17_S3,1792303848,U17_S3_A12,saved_rule_reused,1,0,0,0
U17,U17_S3,1792303848,U17_S3_A12,rule_submit,45.6,0,0,0
U17,U17_S4,1792310464,U17_S4_A01,semantic_error,1,0,0,0
U17,U17_S4,1792310464,U17_S4_A01,saved_rule_reused,1,0,0,0
U17,U17_S4,1792310464,U17_S4_A01,rule_submit,58.4,0,0,0
U17,U17_S4,1792310514,U17_S4_A02,rule_submit,44.1,0,0,0
U17,U17_S4,1792310567,U17_S4_A03,saved_rule_reused,1,0,0,0
U17,U17_S4,1792310567,U17_S4_A03,rule_submit,47.2,0,0,0
U17,U17_S4,1792310606,U17_S4_A04,saved_rule_reused,1,0,0,0
U17,U17_S4,1792310606,U17_S4_A04,rule_submit,33.6,1,0,0
U17,U17_S4,1792310660,U17_S4_A05,saved_rule_reused,1,0,0,0
U17,U17_S4,1792310660,U17_S4_A05,rule_submit,48.2,1,0,0
U17,U17_S4,1792310717,U17_S4_A06,syntax_error,1,0,0,0
U17,U17_S4,1792310717,U17_S4_A06,semantic_error,1,0,0,0
U17,U17_S4,1792310717,U17_S4_A06,rule_submit,51.3,0,0,0
U17,U17_S4,1792310766,U17_S4_A07,rule_submit,43.2,0,0,0
U17,U17_S4,1792310828,U17_S4_A08,saved_rule_reused,1,0,0,0
U17,U17_S4,1792310828,U17_S4_A08,rule_submit,56.3,0,0,2
U17,U17_S4,1792310886,U17_S4_A09,semantic_error,1,0,0,0
U17,U17_S4,1792310886,U17_S4_A09,rule_submit,53.0,0,1,0
U17,U17_S4,1792310936,U17_S4_A10,rule_submit,44.8,0,0,0
U17,U17_S4,1792310980,U17_S4_A11,semantic_error,1,0,0,0
U17,U17_S4,1792310980,U17_S4_A11,rule_submit,38.7,1,0,0
U17,U17_S4,1792311033,U17_S4_A12,syntax_error,1,0,0,0
U17,U17_S4,1792311033,U17_S4_A12,saved_rule_reused,1,0,0,0
U17,U17_S4,1792311033,U17_S4_A12,rule_submit,47.5,0,0,0
U18,U18_S1,1792375252,U18_S1_A01,syntax_error,1,0,0,0
U18,U18_S1,1792375252,U18_S1_A01,rule_submit,46.4,0,1,0
U18,U18_S1,1792375294,U18_S1_A02,saved_rule_reused,1,0,0,0
U18,U18_S1,1792375294,U18_S1_A02,rule_submit,36.8,1,0,0
U18,U18_S1,1792375336,U18_S1_A03,saved_rule_reused,1,0,0,0
U18,U18_S1,1792375336,U18_S1_A03,rule_submit,36.2,0,1,0
U18,U18_S1,1792375396,U18_S1_A04,rule_submit,54.4,0,0,0
U18,U18_S1,1792375455,U18_S1_A05,rule_submit,53.6,1,0,0
U18,U18_S1,1792375502,U18_S1_A06,semantic_error,1,0,0,0
U18,U18_S1,1792375502,U18_S1_A06,rule_submit,41.9,0,0,0
U18,U18_S1,1792375542,U18_S1_A07,rule_submit,34.2,0,1,0
U18,U18_S1,1792375578,U18_S1_A08,rule_submit,30.9,0,0,0
U18,U18_S1,1792375630,U18_S1_A09,rule_submit,46.7,1,0,0
U18,U18_S1,1792375676,U18_S1_A10,rule_submit,40.7,0,1,0
U18,U18_S1,1792375729,U18_S1_A11,syntax_error,1,0,0,0
U18,U18_S1,1792375729,U18_S1_A11,rule_submit,47.5,0,0,0
U18,U18_S1,1792375786,U18_S1_A12,saved_rule_reused,1,0,0,0
U18,U18_S1,1792375786,U18_S1_A12,rule_submit,51.3,0,0,0
U18,U18_S2,1792382445,U18_S2_A01,saved_rule_reused,1,0,0,0
U18,U18_S2,1792382445,U18_S2_A01,rule_submit,39.6,0,0,0
U18,U18_S2,1792382484,U18_S2_A02,rule_submit,33.3,0,1,0
U18,U18_S2,1792382538,U18_S2_A03,saved_rule_reused,1,0,0,0
U18,U18_S2,1792382538,U18_S2_A03,rule_submit,48.1,0,1,0
U18,U18_S2,1792382579,U18_S2_A04,rule_submit,35.9,0,1,0
U18,U18_S2,1792382634,U18_S2_A05,semantic_error,1,0,0,0
U18,U18_S2,1792382634,U18_S2_A05,rule_submit,50.0,0,0,0
U18,U18_S2,1792382689,U18_S2_A06,syntax_error,1,0,0,0
U18,U18_S2,1792382689,U18_S2_A06,rule_submit,49.9,0,0,2
U18,U18_S2,1792382736,U18_S2_A07,saved_rule_reused,1,0,0,0
U18,U18_S2,1792382736,U18_S2_A07,rule_submit,41.2,0,0,0
U18,U18_S2,1792382786,U18_S2_A08,saved_rule_reused,1,0,0,0
U18,U18_S2,1792382786,U18_S2_A08,rule_submit,44.7,0,0,0
U18,U18_S2,1792382832,U18_S2_A09,rule_submit,40.2,0,1,0
U18,U18_S2,1792382888,U18_S2_A10,rule_submit,50.2,1,0,0
U18,U18_S2,1792382932,U18_S2_A11,saved_rule_reused,1,0,0,0
U18,U18_S2,1792382932,U18_S2_A11,rule_submit,39.0,0,0,0
U18,U18_S2,1792382986,U18_S2_A12,rule_submit,48.5,1,0,0
U18,U18_S3,1792389652,U18_S3_A01,saved_rule_reused,1,0,0,0
U18,U18_S3,1792389652,U18_S3_A01,rule_submit,46.9,0,1,0
U18,U18_S3,1792389708,U18_S3_A02,rule_submit,50.6,1,0,0
U18,U18_S3,1792389749,U18_S3_A03,saved_rule_reused,1,0,0,0
U18,U18_S3,1792389749,U18_S3_A03,rule_submit,36.0,0,1,0
U18,U18_S3,1792389800,U18_S3_A04,syntax_error,1,0,0,0
U18,U18_S3,1792389800,U18_S3_A04,rule_submit,46.0,0,1,0
U18,U18_S3,1792389836,U18_S3_A05,semantic_error,1,0,0,0
U18,U18_S3,1792389836,U18_S3_A05,saved_rule_reused,1,0,0,0
U18,U18_S3,1792389836,U18_S3_A05,rule_submit,30.4,0,0,0
U18,U18_S3,1792389887,U18_S3_A06,rule_submit,45.2,1,0,0
U18,U18_S3,1792389939,U18_S3_A07,rule_submit,46.7,0,0,0
U18,U18_S3,1792389988,U18_S3_A08,rule_submit,43.1,0,0,0
U18,U18_S3,1792390030,U18_S3_A09,rule_submit,37.0,0,0,0
U18,U18_S3,1792390090,U18_S3_A10,saved_rule_reused,1,0,0,0
U18,U18_S3,1792390090,U18_S3_A10,rule_submit,54.8,0,0,2
U18,U18_S3,1792390144,U18_S3_A11,saved_rule_reused,1,0,0,0
U18,U18_S3,1792390144,U18_S3_A11,rule_submit,48.6,0,0,0
U18,U18_S3,1792390197,U18_S3_A12,saved_rule_reused,1,0,0,0
U18,U18_S3,1792390197,U18_S3_A12,rule_submit,47.1,1,0,0
U18,U18_S4,1792396841,U18_S4_A01,semantic_error,1,0,0,0
U18,U18_S4,1792396841,U18_S4_A01,rule_submit,36.0,0,0,0
U18,U18_S4,1792396880,U18_S4_A02,saved_rule_reused,1,0,0,0
U18,U18_S4,1792396880,U18_S4_A02,rule_submit,33.5,0,0,0
U18,U18_S4,1792396928,U18_S4_A03,rule_submit,42.2,1,0,0
U18,U18_S4,1792396979,U18_S4_A04,saved_rule_reused,1,0,0,0
U18,U18_S4,1792396979,U18_S4_A04,rule_submit,45.8,1,0,0
U18,U18_S4,1792397013,U18_S4_A05,rule_submit,28.7,0,0,0
U18,U18_S4,1792397056,U18_S4_A06,rule_submit,37.5,0,0,0
U18,U18_S4,1792397106,U18_S4_A07,syntax_error,1,0,0,0
U18,U18_S4,1792397106,U18_S4_A07,rule_submit,44.5,0,1,0
U18,U18_S4,1792397160,U18_S4_A08,rule_submit,48.2,0,0,0
U18,U18_S4,1792397200,U18_S4_A09,rule_submit,34.4,0,1,0
U18,U18_S4,1792397237,U18_S4_A10,rule_submit,31.7,0,1,0
U18,U18_S4,1792397285,U18_S4_A11,saved_rule_reused,1,0,0,0
U18,U18_S4,1792397285,U18_S4_A11,rule_submit,42.8,1,0,0
U18,U18_S4,1792397330,U18_S4_A12,saved_rule_reused,1,0,0,0
U18,U18_S4,1792397330,U18_S4_A12,rule_submit,39.3,1,0,0
U19,U19_S1,1792461653,U19_S1_A01,syntax_error,1,0,0,0
U19,U19_S1,1792461653,U19_S1_A01,saved_rule_reused,1,0,0,0
U19,U19_S1,1792461653,U19_S1_A01,rule_submit,47.3,0,0,0
U19,U19_S1,1792461706,U19_S1_A02,saved_rule_reused,1,0,0,0
U19,U19_S1,1792461706,U19_S1_A02,rule_submit,47.5,0,0,2
U19,U19_S1,1792461779,U19_S1_A03,rule_submit,67.3,0,0,0
U19,U19_S1,1792461844,U19_S1_A04,semantic_error,1,0,0,0
U19,U19_S1,1792461844,U19_S1_A04,saved_rule_reused,1,0,0,0
U19,U19_S1,1792461844,U19_S1_A04,rule_submit,59.1,0,0,0
U19,U19_S1,1792461916,U19_S1_A05,saved_rule_reused,1,0,0,0
U19,U19_S1,1792461916,U19_S1_A05,rule_submit,67.0,0,0,0
U19,U19_S1,1792461970,U19_S1_A06,semantic_error,1,0,0,0
U19,U19_S1,1792461970,U19_S1_A06,saved_rule_reused,1,0,0,0
U19,U19_S1,1792461970,U19_S1_A06,rule_submit,48.5,1,0,0
U19,U19_S1,1792462023,U19_S1_A07,rule_submit,47.1,0,0,0
U19,U19_S1,1792462085,U19_S1_A08,rule_submit,57.0,0,0,0
U19,U19_S1,1792462150,U19_S1_A09,rule_submit,59.4,0,1,0
U19,U19_S1,1792462213,U19_S1_A10,saved_rule_reused,1,0,0,0
U19,U19_S1,1792462213,U19_S1_A10,rule_submit,57.8,0,0,0
U19,U19_S1,1792462254,U19_S1_A11,saved_rule_reused,1,0,0,0
U19,U19_S1,1792462254,U19_S1_A11,rule_submit,35.1,0,0,2
U19,U19_S1,1792462318,U19_S1_A12,saved_rule_reused,1,0,0,0
U19,U19_S1,1792462318,U19_S1_A12,rule_submit,58.1,1,0,0
U19,U19_S2,1792468866,U19_S2_A01,saved_rule_reused,1,0,0,0
U19,U19_S2,1792468866,U19_S2_A01,rule_submit,60.5,0,0,0
U19,U19_S2,1792468932,U19_S2_A02,syntax_error,1,0,0,0
U19,U19_S2,1792468932,U19_S2_A02,rule_submit,60.6,0,0,0
U19,U19_S2,1792468983,U19_S2_A03,saved_rule_reused,1,0,0,0
U19,U19_S2,1792468983,U19_S2_A03,rule_submit,45.4,0,0,0
U19,U19_S2,1792469037,U19_S2_A04,rule_submit,49.0,0,0,0
U19,U19_S2,1792469114,U19_S2_A05,saved_rule_reused,1,0,0,0
U19,U19_S2,1792469114,U19_S2_A05,rule_submit,71.3,0,0,0
U19,U19_S2,1792469175,U19_S2_A06,saved_rule_reused,1,0,0,0
U19,U19_S2,1792469175,U19_S2_A06,rule_submit,55.7,0,0,2
U19,U19_S2,1792469227,U19_S2_A07,saved_rule_reused,1,0,0,0
U19,U19_S2,1792469227,U19_S2_A07,rule_submit,46.9,0,0,0
U19,U19_S2,1792469286,U19_S2_A08,syntax_error,1,0,0,0
U19,U19_S2,1792469286,U19_S2_A08,saved_rule_reused,1,0,0,0
U19,U19_S2,1792469286,U19_S2_A08,rule_submit,53.6,0,0,2
U19,U19_S2,1792469351,U19_S2_A09,syntax_error,1,0,0,0
U19,U19_S2,1792469351,U19_S2_A09,rule_submit,59.3,1,0,0
U19,U19_S2,1792469413,U19_S2_A10,rule_submit,56.4,1,0,0
U19,U19_S2,1792469471,U19_S2_A11,rule_submit,52.2,0,0,2
U19,U19_S2,1792469533,U19_S2_A12,saved_rule_reused,1,0,0,0
U19,U19_S2,1792469533,U19_S2_A12,rule_submit,56.5,0,0,0
U19,U19_S3,1792476059,U19_S3_A01,rule_submit,53.8,0,0,0
U19,U19_S3,1792476110,U19_S3_A02,rule_submit,45.3,0,0,2
U19,U19_S3,1792476173,U19_S3_A03,rule_submit,57.1,0,0,0
U19,U19_S3,1792476236,U19_S3_A04,semantic_error,1,0,0,0
U19,U19_S3,1792476236,U19_S3_A04,saved_rule_reused,1,0,0,0
U19,U19_S3,1792476236,U19_S3_A04,rule_submit,57.5,1,0,0
U19,U19_S3,1792476283,U19_S3_A05,saved_rule_reused,1,0,0,0
U19,U19_S3,1792476283,U19_S3_A05,rule_submit,41.4,1,0,0
U19,U19_S3,1792476341,U19_S3_A06,saved_rule_reused,1,0,0,0
U19,U19_S3,1792476341,U19_S3_A06,rule_submit,52.6,0,1,0
U19,U19_S3,1792476393,U19_S3_A07,rule_submit,46.9,0,0,0
U19,U19_S3,1792476454,U19_S3_A08,saved_rule_reused,1,0,0,0
U19,U19_S3,1792476454,U19_S3_A08,rule_submit,55.8,0,0,0
U19,U19_S3,1792476512,U19_S3_A09,rule_submit,52.6,0,0,0
U19,U19_S3,1792476574,U19_S3_A10,saved_rule_reused,1,0,0,0
U19,U19_S3,1792476574,U19_S3_A10,rule_submit,56.1,0,0,0
U19,U19_S3,1792476627,U19_S3_A11,saved_rule_reused,1,0,0,0
U19,U19_S3,1792476627,U19_S3_A11,rule_submit,47.1,0,0,0
U19,U19_S3,1792476686,U19_S3_A12,rule_submit,53.3,0,0,0
U19,U19_S4,1792483247,U19_S4_A01,saved_rule_reused,1,0,0,0
U19,U19_S4,1792483247,U19_S4_A01,rule_submit,42.0,0,0,0
U19,U19_S4,1792483310,U19_S4_A02,saved_rule_reused,1,0,0,0
U19,U19_S4,1792483310,U19_S4_A02,rule_submit,57.2,0,0,0
U19,U19_S4,1792483362,U19_S4_A03,saved_rule_reused,1,0,0,0
U19,U19_S4,1792483362,U19_S4_A03,rule_submit,47.0,0,0,2
U19,U19_S4,1792483402,U19_S4_A04,syntax_error,1,0,0,0
U19,U19_S4,1792483402,U19_S4_A04,saved_rule_reused,1,0,0,0
U19,U19_S4,1792483402,U19_S4_A04,rule_submit,34.5,0,0,0
U19,U19_S4,1792483453,U19_S4_A05,syntax_error,1,0,0,0
U19,U19_S4,1792483453,U19_S4_A05,saved_rule_reused,1,0,0,0
U19,U19_S4,1792483453,U19_S4_A05,rule_submit,45.5,0,0,0
U19,U19_S4,1792483509,U19_S4_A06,syntax_error,1,0,0,0
U19,U19_S4,1792483509,U19_S4_A06,rule_submit,50.9,0,0,2
U19,U19_S4,1792483558,U19_S4_A07,saved_rule_reused,1,0,0,0
U19,U19_S4,1792483558,U19_S4_A07,rule_submit,43.7,0,1,0
U19,U19_S4,1792483621,U19_S4_A08,saved_rule_reused,1,0,0,0
U19,U19_S4,1792483621,U19_S4_A08,rule_submit,57.2,0,0,0
U19,U19_S4,1792483697,U19_S4_A09,syntax_error,1,0,0,0
U19,U19_S4,1792483697,U19_S4_A09,rule_submit,70.6,0,0,0
U19,U19_S4,1792483760,U19_S4_A10,saved_rule_reused,1,0,0,0
U19,U19_S4,1792483760,U19_S4_A10,rule_submit,57.4,0,0,0
U19,U19_S4,1792483814,U19_S4_A11,saved_rule_reused,1,0,0,0
U19,U19_S4,1792483814,U19_S4_A11,rule_submit,48.2,1,0,0
U19,U19_S4,1792483890,U19_S4_A12,rule_submit,70.6,0,1,0
U20,U20_S1,1792548046,U20_S1_A01,rule_submit,40.2,0,0,0
U20,U20_S1,1792548118,U20_S1_A02,rule_submit,66.1,0,0,0
U20,U20_S1,1792548169,U20_S1_A03,rule_submit,46.0,0,0,0
U20,U20_S1,1792548227,U20_S1_A04,semantic_error,1,0,0,0
U20,U20_S1,1792548227,U20_S1_A04,saved_rule_reused,1,0,0,0
U20,U20_S1,1792548227,U20_S1_A04,rule_submit,52.6,0,1,0
U20,U20_S1,1792548284,U20_S1_A05,rule_submit,51.7,0,0,0
U20,U20_S1,1792548353,U20_S1_A06,semantic_error,1,0,0,0
U20,U20_S1,1792548353,U20_S1_A06,saved_rule_reused,1,0,0,0
U20,U20_S1,1792548353,U20_S1_A06,rule_submit,63.6,0,0,2
U20,U20_S1,1792548432,U20_S1_A07,semantic_error,1,0,0,0
U20,U20_S1,1792548432,U20_S1_A07,saved_rule_reused,1,0,0,0
U20,U20_S1,1792548432,U20_S1_A07,rule_submit,73.3,0,0,2
U20,U20_S1,1792548494,U20_S1_A08,saved_rule_reused,1,0,0,0
U20,U20_S1,1792548494,U20_S1_A08,rule_submit,56.6,0,0,0
U20,U20_S1,1792548549,U20_S1_A09,syntax_error,1,0,0,0
U20,U20_S1,1792548549,U20_S1_A09,saved_rule_reused,1,0,0,0
U20,U20_S1,1792548549,U20_S1_A09,rule_submit,49.9,0,0,0
U20,U20_S1,1792548618,U20_S1_A10,semantic_error,1,0,0,0
U20,U20_S1,1792548618,U20_S1_A10,saved_rule_reused,1,0,0,0
U20,U20_S1,1792548618,U20_S1_A10,rule_submit,64.0,0,0,0
U20,U20_S1,1792548677,U20_S1_A11,saved_rule_reused,1,0,0,0
U20,U20_S1,1792548677,U20_S1_A11,rule_submit,53.3,0,0,0
U20,U20_S1,1792548739,U20_S1_A12,syntax_error,1,0,0,0
U20,U20_S1,1792548739,U20_S1_A12,semantic_error,1,0,0,0
U20,U20_S1,1792548739,U20_S1_A12,rule_submit,56.5,0,0,0
U20,U20_S2,1792555263,U20_S2_A01,saved_rule_reused,1,0,0,0
U20,U20_S2,1792555263,U20_S2_A01,rule_submit,57.2,0,1,0
U20,U20_S2,1792555316,U20_S2_A02,rule_submit,48.0,0,0,0
U20,U20_S2,1792555378,U20_S2_A03,saved_rule_reused,1,0,0,0
U20,U20_S2,1792555378,U20_S2_A03,rule_submit,56.9,0,0,2
U20,U20_S2,1792555446,U20_S2_A04,rule_submit,62.3,1,0,0
U20,U20_S2,1792555499,U20_S2_A05,syntax_error,1,0,0,0
U20,U20_S2,1792555499,U20_S2_A05,saved_rule_reused,1,0,0,0
U20,U20_S2,1792555499,U20_S2_A05,rule_submit,47.2,0,0,2
U20,U20_S2,1792555551,U20_S2_A06,rule_submit,46.9,1,0,0
U20,U20_S2,1792555622,U20_S2_A07,saved_rule_reused,1,0,0,0
U20,U20_S2,1792555622,U20_S2_A07,rule_submit,65.2,0,0,0
U20,U20_S2,1792555680,U20_S2_A08,saved_rule_reused,1,0,0,0
U20,U20_S2,1792555680,U20_S2_A08,rule_submit,52.7,0,0,0
U20,U20_S2,1792555733,U20_S2_A09,rule_submit,47.7,0,1,0
U20,U20_S2,1792555782,U20_S2_A10,rule_submit,43.8,0,0,0
U20,U20_S2,1792555849,U20_S2_A11,semantic_error,1,0,0,0
U20,U20_S2,1792555849,U20_S2_A11,saved_rule_reused,1,0,0,0
U20,U20_S2,1792555849,U20_S2_A11,rule_submit,61.2,1,0,0
U20,U20_S2,1792555905,U20_S2_A12,syntax_error,1,0,0,0
U20,U20_S2,1792555905,U20_S2_A12,saved_rule_reused,1,0,0,0
U20,U20_S2,1792555905,U20_S2_A12,rule_submit,50.2,0,1,0
U20,U20_S3,1792562463,U20_S3_A01,saved_rule_reused,1,0,0,0
U20,U20_S3,1792562463,U20_S3_A01,rule_submit,57.9,0,0,0
U20,U20_S3,1792562518,U20_S3_A02,rule_submit,49.3,0,0,2
U20,U20_S3,1792562578,U20_S3_A03,semantic_error,1,0,0,0
U20,U20_S3,1792562578,U20_S3_A03,rule_submit,54.5,0,0,0
U20,U20_S3,1792562638,U20_S3_A04,syntax_error,1,0,0,0
U20,U20_S3,1792562638,U20_S3_A04,saved_rule_reused,1,0,0,0
U20,U20_S3,1792562638,U20_S3_A04,rule_submit,54.5,0,0,2
U20,U20_S3,1792562696,U20_S3_A05,rule_submit,52.1,0,0,0
U20,U20_S3,1792562754,U20_S3_A06,saved_rule_reused,1,0,0,0
U20,U20_S3,1792562754,U20_S3_A06,rule_submit,52.9,1,0,0
U20,U20_S3,1792562818,U20_S3_A07,saved_rule_reused,1,0,0,0
U20,U20_S3,1792562818,U20_S3_A07,rule_submit,58.3,0,0,0
U20,U20_S3,1792562874,U20_S3_A08,rule_submit,50.5,1,0,0
U20,U20_S3,1792562931,U20_S3_A09,rule_submit,51.2,0,0,2
U20,U20_S3,1792562992,U20_S3_A10,rule_submit,55.8,0,0,2
U20,U20_S3,1792563044,U20_S3_A11,saved_rule_reused,1,0,0,0
U20,U20_S3,1792563044,U20_S3_A11,rule_submit,46.7,0,1,0
U20,U20_S3,1792563105,U20_S3_A12,rule_submit,55.9,0,0,0
U20,U20_S4,1792569652,U20_S4_A01,saved_rule_reused,1,0,0,0
U20,U20_S4,1792569652,U20_S4_A01,rule_submit,46.8,0,1,0
U20,U20_S4,1792569704,U20_S4_A02,saved_rule_reused,1,0,0,0
U20,U20_S4,1792569704,U20_S4_A02,rule_submit,46.6,0,0,0
U20,U20_S4,1792569770,U20_S4_A03,saved_rule_reused,1,0,0,0
U20,U20_S4,1792569770,U20_S4_A03,rule_submit,60.1,1,0,0
U20,U20_S4,1792569828,U20_S4_A04,rule_submit,52.6,0,1,0
U20,U20_S4,1792569878,U20_S4_A05,syntax_error,1,0,0,0
U20,U20_S4,1792569878,U20_S4_A05,rule_submit,44.7,0,0,0
U20,U20_S4,1792569943,U20_S4_A06,semantic_error,1,0,0,0
U20,U20_S4,1792569943,U20_S4_A06,saved_rule_reused,1,0,0,0
U20,U20_S4,1792569943,U20_S4_A06,rule_submit,59.7,0,1,0
U20,U20_S4,1792570004,U20_S4_A07,rule_submit,55.4,1,0,0
U20,U20_S4,1792570064,U20_S4_A08,syntax_error,1,0,0,0
U20,U20_S4,1792570064,U20_S4_A08,saved_rule_reused,1,0,0,0
U20,U20_S4,1792570064,U20_S4_A08,rule_submit,54.8,0,1,0
U20,U20_S4,1792570132,U20_S4_A09,rule_submit,62.6,1,0,0
U20,U20_S4,1792570189,U20_S4_A10,semantic_error,1,0,0,0
U20,U20_S4,1792570189,U20_S4_A10,rule_submit,51.4,0,0,0
U20,U20_S4,1792570248,U20_S4_A11,semantic_error,1,0,0,0
U20,U20_S4,1792570248,U20_S4_A11,rule_submit,53.4,1,0,0
U20,U20_S4,1792570311,U20_S4_A12,rule_submit,57.9,0,0,0
U21,U21_S1,1792634441,U21_S1_A01,rule_submit,35.6,1,0,0
U21,U21_S1,1792634492,U21_S1_A02,saved_rule_reused,1,0,0,0
U21,U21_S1,1792634492,U21_S1_A02,rule_submit,45.6,0,0,0
U21,U21_S1,1792634534,U21_S1_A03,saved_rule_reused,1,0,0,0
U21,U21_S1,1792634534,U21_S1_A03,rule_submit,37.0,0,0,0
U21,U21_S1,1792634569,U21_S1_A04,rule_submit,29.7,0,0,2
U21,U21_S1,1792634600,U21_S1_A05,saved_rule_reused,1,0,0,0
U21,U21_S1,1792634600,U21_S1_A05,rule_submit,25.8,0,0,2
U21,U21_S1,1792634644,U21_S1_A06,saved_rule_reused,1,0,0,0
U21,U21_S1,1792634644,U21_S1_A06,rule_submit,38.4,0,1,0
U21,U21_S1,1792634692,U21_S1_A07,saved_rule_reused,1,0,0,0
U21,U21_S1,1792634692,U21_S1_A07,rule_submit,42.6,1,0,0
U21,U21_S1,1792634727,U21_S1_A08,rule_submit,29.3,1,0,0
U21,U21_S1,1792634769,U21_S1_A09,saved_rule_reused,1,0,0,0
U21,U21_S1,1792634769,U21_S1_A09,rule_submit,36.9,0,0,0
U21,U21_S1,1792634818,U21_S1_A10,saved_rule_reused,1,0,0,0
U21,U21_S1,1792634818,U21_S1_A10,rule_submit,43.1,0,1,0
U21,U21_S1,1792634855,U21_S1_A11,rule_submit,31.3,0,1,0
U21,U21_S1,1792634897,U21_S1_A12,rule_submit,36.1,0,0,0
U21,U21_S2,1792641641,U21_S2_A01,rule_submit,36.0,0,1,0
U21,U21_S2,1792641677,U21_S2_A02,saved_rule_reused,1,0,0,0
U21,U21_S2,1792641677,U21_S2_A02,rule_submit,30.3,0,0,0
U21,U21_S2,1792641718,U21_S2_A03,rule_submit,35.4,1,0,0
U21,U21_S2,1792641753,U21_S2_A04,rule_submit,29.4,0,1,0
U21,U21_S2,1792641789,U21_S2_A05,saved_rule_reused,1,0,0,0
U21,U21_S2,1792641789,U21_S2_A05,rule_submit,30.6,1,0,0
U21,U21_S2,1792641828,U21_S2_A06,rule_submit,33.8,0,0,2
U21,U21_S2,1792641867,U21_S2_A07,saved_rule_reused,1,0,0,0
U21,U21_S2,1792641867,U21_S2_A07,rule_submit,33.4,0,0,0
U21,U21_S2,1792641916,U21_S2_A08,saved_rule_reused,1,0,0,0
U21,U21_S2,1792641916,U21_S2_A08,rule_submit,43.9,0,0,2
U21,U21_S2,1792641960,U21_S2_A09,saved_rule_reused,1,0,0,0
U21,U21_S2,1792641960,U21_S2_A09,rule_submit,39.0,1,0,0
U21,U21_S2,1792642004,U21_S2_A10,saved_rule_reused,1,0,0,0
U21,U21_S2,1792642004,U21_S2_A10,rule_submit,38.3,0,1,0
U21,U21_S2,1792642037,U21_S2_A11,rule_submit,27.4,1,0,0
U21,U21_S2,1792642074,U21_S2_A12,saved_rule_reused,1,0,0,0
U21,U21_S2,1792642074,U21_S2_A12,rule_submit,31.6,0,0,2
U21,U21_S3,1792648837,U21_S3_A01,rule_submit,32.0,0,0,0
U21,U21_S3,1792648882,U21_S3_A02,semantic_error,1,0,0,0
U21,U21_S3,1792648882,U21_S3_A02,rule_submit,39.4,0,0,0
U21,U21_S3,1792648922,U21_S3_A03,saved_rule_reused,1,0,0,0
U21,U21_S3,1792648922,U21_S3_A03,rule_submit,34.9,0,0,0
U21,U21_S3,1792648963,U21_S3_A04,rule_submit,35.3,0,1,0
U21,U21_S3,1792649003,U21_S3_A05,rule_submit,34.6,0,0,2
U21,U21_S3,1792649051,U21_S3_A06,rule_submit,42.7,0,0,0
U21,U21_S3,1792649091,U21_S3_A07,saved_rule_reused,1,0,0,0
U21,U21_S3,1792649091,U21_S3_A07,rule_submit,34.3,0,0,0
U21,U21_S3,1792649133,U21_S3_A08,semantic_error,1,0,0,0
U21,U21_S3,1792649133,U21_S3_A08,saved_rule_reused,1,0,0,0
U21,U21_S3,1792649133,U21_S3_A08,rule_submit,36.5,0,1,0
U21,U21_S3,1792649172,U21_S3_A09,syntax_error,1,0,0,0
U21,U21_S3,1792649172,U21_S3_A09,saved_rule_reused,1,0,0,0
U21,U21_S3,1792649172,U21_S3_A09,rule_submit,33.8,0,1,0
U21,U21_S3,1792649211,U21_S3_A10,saved_rule_reused,1,0,0,0
U21,U21_S3,1792649211,U21_S3_A10,rule_submit,33.5,0,1,0
U21,U21_S3,1792649251,U21_S3_A11,syntax_error,1,0,0,0
U21,U21_S3,1792649251,U21_S3_A11,rule_submit,34.4,0,1,0
U21,U21_S3,1792649296,U21_S3_A12,syntax_error,1,0,0,0
U21,U21_S3,1792649296,U21_S3_A12,rule_submit,39.8,0,0,0
U21,U21_S4,1792656045,U21_S4_A01,saved_rule_reused,1,0,0,0
U21,U21_S4,1792656045,U21_S4_A01,rule_submit,39.9,0,1,0
U21,U21_S4,1792656094,U21_S4_A02,rule_submit,43.3,0,0,2
U21,U21_S4,1792656135,U21_S4_A03,saved_rule_reused,1,0,0,0
U21,U21_S4,1792656135,U21_S4_A03,rule_submit,35.4,0,0,2
U21,U21_S4,1792656170,U21_S4_A04,semantic_error,1,0,0,0
U21,U21_S4,1792656170,U21_S4_A04,saved_rule_reused,1,0,0,0
U21,U21_S4,1792656170,U21_S4_A04,rule_submit,29.9,0,1,0
U21,U21_S4,1792656206,U21_S4_A05,saved_rule_reused,1,0,0,0
U21,U21_S4,1792656206,U21_S4_A05,rule_submit,31.0,0,0,0
U21,U21_S4,1792656247,U21_S4_A06,syntax_error,1,0,0,0
U21,U21_S4,1792656247,U21_S4_A06,saved_rule_reused,1,0,0,0
U21,U21_S4,1792656247,U21_S4_A06,rule_submit,35.1,0,0,0
U21,U21_S4,1792656274,U21_S4_A07,saved_rule_reused,1,0,0,0
U21,U21_S4,1792656274,U21_S4_A07,rule_submit,21.1,0,0,0
U21,U21_S4,1792656319,U21_S4_A08,rule_submit,39.3,0,0,0
U21,U21_S4,1792656361,U21_S4_A09,syntax_error,1,0,0,0
U21,U21_S4,1792656361,U21_S4_A09,rule_submit,36.2,0,0,2
U21,U21_S4,1792656397,U21_S4_A10,semantic_error,1,0,0,0
U21,U21_S4,1792656397,U21_S4_A10,rule_submit,30.5,0,0,0
U21,U21_S4,1792656440,U21_S4_A11,rule_submit,37.4,1,0,0
U21,U21_S4,1792656480,U21_S4_A12,saved_rule_reused,1,0,0,0
U21,U21_S4,1792656480,U21_S4_A12,rule_submit,34.8,0,0,0
U22,U22_S1,1792720842,U22_S1_A01,saved_rule_reused,1,0,0,0
U22,U22_S1,1792720842,U22_S1_A01,rule_submit,36.1,0,0,0
U22,U22_S1,1792720890,U22_S1_A02,semantic_error,1,0,0,0
U22,U22_S1,1792720890,U22_S1_A02,rule_submit,42.2,0,1,0
U22,U22_S1,1792720937,U22_S1_A03,rule_submit,41.2,1,0,0
U22,U22_S1,1792720988,U22_S1_A04,saved_rule_reused,1,0,0,0
U22,U22_S1,1792720988,U22_S1_A04,rule_submit,45.3,0,0,2
U22,U22_S1,1792721040,U22_S1_A05,saved_rule_reused,1,0,0,0
U22,U22_S1,1792721040,U22_S1_A05,rule_submit,46.3,1,0,0
U22,U22_S1,1792721093,U22_S1_A06,saved_rule_reused,1,0,0,0
U22,U22_S1,1792721093,U22_S1_A06,rule_submit,47.4,0,0,0
U22,U22_S1,1792721144,U22_S1_A07,saved_rule_reused,1,0,0,0
U22,U22_S1,1792721144,U22_S1_A07,rule_submit,45.2,0,0,0
U22,U22_S1,1792721193,U22_S1_A08,saved_rule_reused,1,0,0,0
U22,U22_S1,1792721193,U22_S1_A08,rule_submit,43.7,0,0,0
U22,U22_S1,1792721243,U22_S1_A09,saved_rule_reused,1,0,0,0
U22,U22_S1,1792721243,U22_S1_A09,rule_submit,44.1,0,0,0
U22,U22_S1,1792721309,U22_S1_A10,saved_rule_reused,1,0,0,0
U22,U22_S1,1792721309,U22_S1_A10,rule_submit,60.6,1,0,0
U22,U22_S1,1792721352,U22_S1_A11,syntax_error,1,0,0,0
U22,U22_S1,1792721352,U22_S1_A11,rule_submit,37.4,1,0,0
U22,U22_S1,1792721395,U22_S1_A12,saved_rule_reused,1,0,0,0
U22,U22_S1,1792721395,U22_S1_A12,rule_submit,37.2,0,1,0
U22,U22_S2,1792728042,U22_S2_A01,rule_submit,36.8,0,0,0
U22,U22_S2,1792728089,U22_S2_A02,semantic_error,1,0,0,0
U22,U22_S2,1792728089,U22_S2_A02,rule_submit,41.2,0,0,0
U22,U22_S2,1792728133,U22_S2_A03,rule_submit,39.0,0,0,0
U22,U22_S2,1792728167,U22_S2_A04,saved_rule_reused,1,0,0,0
U22,U22_S2,1792728167,U22_S2_A04,rule_submit,28.8,0,0,2
U22,U22_S2,1792728218,U22_S2_A05,syntax_error,1,0,0,0
U22,U22_S2,1792728218,U22_S2_A05,saved_rule_reused,1,0,0,0
U22,U22_S2,1792728218,U22_S2_A05,rule_submit,45.8,0,0,0
U22,U22_S2,1792728264,U22_S2_A06,semantic_error,1,0,0,0
U22,U22_S2,1792728264,U22_S2_A06,rule_submit,40.3,0,1,0
U22,U22_S2,1792728304,U22_S2_A07,saved_rule_reused,1,0,0,0
U22,U22_S2,1792728304,U22_S2_A07,rule_submit,34.6,0,1,0
U22,U22_S2,1792728357,U22_S2_A08,syntax_error,1,0,0,0
U22,U22_S2,1792728357,U22_S2_A08,rule_submit,47.2,0,0,0
U22,U22_S2,1792728402,U22_S2_A09,saved_rule_reused,1,0,0,0
U22,U22_S2,1792728402,U22_S2_A09,rule_submit,39.6,1,0,0
U22,U22_S2,1792728451,U22_S2_A10,semantic_error,1,0,0,0
U22,U22_S2,1792728451,U22_S2_A10,saved_rule_reused,1,0,0,0
U22,U22_S2,1792728451,U22_S2_A10,rule_submit,43.4,0,0,0
U22,U22_S2,1792728498,U22_S2_A11,rule_submit,41.9,0,0,0
U22,U22_S2,1792728531,U22_S2_A12,saved_rule_reused,1,0,0,0
U22,U22_S2,1792728531,U22_S2_A12,rule_submit,27.5,0,0,0
U22,U22_S3,1792735242,U22_S3_A01,syntax_error,1,0,0,0
U22,U22_S3,1792735242,U22_S3_A01,rule_submit,36.8,0,0,2
U22,U22_S3,1792735289,U22_S3_A02,syntax_error,1,0,0,0
U22,U22_S3,1792735289,U22_S3_A02,saved_rule_reused,1,0,0,0
U22,U22_S3,1792735289,U22_S3_A02,rule_submit,41.2,0,0,0
U22,U22_S3,1792735328,U22_S3_A03,saved_rule_reused,1,0,0,0
U22,U22_S3,1792735328,U22_S3_A03,rule_submit,33.9,0,0,0
U22,U22_S3,1792735375,U22_S3_A04,rule_submit,41.5,0,0,0
U22,U22_S3,1792735415,U22_S3_A05,rule_submit,34.8,0,0,0
U22,U22_S3,1792735460,U22_S3_A06,rule_submit,39.3,0,0,2
U22,U22_S3,1792735506,U22_S3_A07,rule_submit,40.5,0,0,0
U22,U22_S3,1792735547,U22_S3_A08,rule_submit,35.3,0,0,0
U22,U22_S3,1792735587,U22_S3_A09,saved_rule_reused,1,0,0,0
U22,U22_S3,1792735587,U22_S3_A09,rule_submit,35.0,0,0,2
U22,U22_S3,1792735621,U22_S3_A10,syntax_error,1,0,0,0
U22,U22_S3,1792735621,U22_S3_A10,rule_submit,28.7,0,0,0
U22,U22_S3,1792735676,U22_S3_A11,semantic_error,1,0,0,0
U22,U22_S3,1792735676,U22_S3_A11,rule_submit,49.7,0,0,2
U22,U22_S3,1792735718,U22_S3_A12,semantic_error,1,0,0,0
U22,U22_S3,1792735718,U22_S3_A12,rule_submit,36.9,0,0,2
U22,U22_S4,1792742440,U22_S4_A01,syntax_error,1,0,0,0
U22,U22_S4,1792742440,U22_S4_A01,saved_rule_reused,1,0,0,0
U22,U22_S4,1792742440,U22_S4_A01,rule_submit,34.2,0,0,0
U22,U22_S4,1792742486,U22_S4_A02,syntax_error,1,0,0,0
U22,U22_S4,1792742486,U22_S4_A02,saved_rule_reused,1,0,0,0
U22,U22_S4,1792742486,U22_S4_A02,rule_submit,40.1,0,0,0
U22,U22_S4,1792742530,U22_S4_A03,saved_rule_reused,1,0,0,0
U22,U22_S4,1792742530,U22_S4_A03,rule_submit,38.6,0,0,0
U22,U22_S4,1792742572,U22_S4_A04,saved_rule_reused,1,0,0,0
U22,U22_S4,1792742572,U22_S4_A04,rule_submit,36.4,0,0,0
U22,U22_S4,1792742608,U22_S4_A05,rule_submit,30.2,0,0,0
U22,U22_S4,1792742652,U22_S4_A06,rule_submit,38.9,0,0,0
U22,U22_S4,1792742699,U22_S4_A07,saved_rule_reused,1,0,0,0
U22,U22_S4,1792742699,U22_S4_A07,rule_submit,41.1,0,0,0
U22,U22_S4,1792742750,U22_S4_A08,syntax_error,1,0,0,0
U22,U22_S4,1792742750,U22_S4_A08,rule_submit,45.5,0,0,0
U22,U22_S4,1792742803,U22_S4_A09,saved_rule_reused,1,0,0,0
U22,U22_S4,1792742803,U22_S4_A09,rule_submit,47.7,0,0,0
U22,U22_S4,1792742857,U22_S4_A10,rule_submit,48.1,0,0,0
U22,U22_S4,1792742901,U22_S4_A11,syntax_error,1,0,0,0
U22,U22_S4,1792742901,U22_S4_A11,rule_submit,38.5,0,0,0
U22,U22_S4,1792742951,U22_S4_A12,rule_submit,45.0,0,1,0
U23,U23_S1,1792807244,U23_S1_A01,saved_rule_reused,1,0,0,0
U23,U23_S1,1792807244,U23_S1_A01,rule_submit,38.7,1,0,0
U23,U23_S1,1792807293,U23_S1_A02,rule_submit,43.1,0,0,0
U23,U23_S1,1792807339,U23_S1_A03,syntax_error,1,0,0,0
U23,U23_S1,1792807339,U23_S1_A03,saved_rule_reused,1,0,0,0
U23,U23_S1,1792807339,U23_S1_A03,rule_submit,40.7,0,0,2
U23,U23_S1,1792807383,U23_S1_A04,semantic_error,1,0,0,0
U23,U23_S1,1792807383,U23_S1_A04,saved_rule_reused,1,0,0,0
U23,U23_S1,1792807383,U23_S1_A04,rule_submit,39.0,1,0,0
U23,U23_S1,1792807433,U23_S1_A05,saved_rule_reused,1,0,0,0
U23,U23_S1,1792807433,U23_S1_A05,rule_submit,44.1,0,0,2
U23,U23_S1,1792807484,U23_S1_A06,rule_submit,45.3,0,1,0
U23,U23_S1,1792807537,U23_S1_A07,rule_submit,47.2,0,0,0
U23,U23_S1,1792807579,U23_S1_A08,rule_submit,36.9,0,0,2
U23,U23_S1,1792807635,U23_S1_A09,rule_submit,51.0,0,1,0
U23,U23_S1,1792807686,U23_S1_A10,saved_rule_reused,1,0,0,0
U23,U23_S1,1792807686,U23_S1_A10,rule_submit,45.5,0,0,2
U23,U23_S1,1792807732,U23_S1_A11,syntax_error,1,0,0,0
U23,U23_S1,1792807732,U23_S1_A11,saved_rule_reused,1,0,0,0
U23,U23_S1,1792807732,U23_S1_A11,rule_submit,40.5,0,1,0
U23,U23_S1,1792807777,U23_S1_A12,saved_rule_reused,1,0,0,0
U23,U23_S1,1792807777,U23_S1_A12,rule_submit,39.8,0,0,0
U23,U23_S2,1792814439,U23_S2_A01,semantic_error,1,0,0,0
U23,U23_S2,1792814439,U23_S2_A01,rule_submit,33.2,0,0,0
U23,U23_S2,1792814489,U23_S2_A02,saved_rule_reused,1,0,0,0
U23,U23_S2,1792814489,U23_S2_A02,rule_submit,44.5,1,0,0
U23,U23_S2,1792814541,U23_S2_A03,rule_submit,46.1,0,1,0
U23,U23_S2,1792814581,U23_S2_A04,rule_submit,34.4,1,0,0
U23,U23_S2,1792814625,U23_S2_A05,syntax_error,1,0,0,0
U23,U23_S2,1792814625,U23_S2_A05,saved_rule_reused,1,0,0,0
U23,U23_S2,1792814625,U23_S2_A05,rule_submit,38.6,0,1,0
U23,U23_S2,1792814666,U23_S2_A06,saved_rule_reused,1,0,0,0
U23,U23_S2,1792814666,U23_S2_A06,rule_submit,35.4,0,1,0
U23,U23_S2,1792814714,U23_S2_A07,semantic_error,1,0,0,0
U23,U23_S2,1792814714,U23_S2_A07,rule_submit,43.0,0,0,0
U23,U23_S2,1792814759,U23_S2_A08,rule_submit,39.6,0,1,0
U23,U23_S2,1792814794,U23_S2_A09,rule_submit,29.4,0,1,0
U23,U23_S2,1792814837,U23_S2_A10,syntax_error,1,0,0,0
U23,U23_S2,1792814837,U23_S2_A10,rule_submit,37.1,0,0,0
U23,U23_S2,1792814884,U23_S2_A11,saved_rule_reused,1,0,0,0
U23,U23_S2,1792814884,U23_S2_A11,rule_submit,42.0,0,1,0
U23,U23_S2,1792814916,U23_S2_A12,rule_submit,26.8,0,0,0
U23,U23_S3,1792821634,U23_S3_A01,saved_rule_reused,1,0,0,0
U23,U23_S3,1792821634,U23_S3_A01,rule_submit,28.2,0,0,0
U23,U23_S3,1792821679,U23_S3_A02,rule_submit,39.3,0,0,0
U23,U23_S3,1792821725,U23_S3_A03,rule_submit,40.9,0,0,0
U23,U23_S3,1792821764,U23_S3_A04,saved_rule_reused,1,0,0,0
U23,U23_S3,1792821764,U23_S3_A04,rule_submit,33.3,1,0,0
U23,U23_S3,1792821811,U23_S3_A05,saved_rule_reused,1,0,0,0
U23,U23_S3,1792821811,U23_S3_A05,rule_submit,41.7,0,0,0
U23,U23_S3,1792821856,U23_S3_A06,semantic_error,1,0,0,0
U23,U23_S3,1792821856,U23_S3_A06,saved_rule_reused,1,0,0,0
U23,U23_S3,1792821856,U23_S3_A06,rule_submit,39.1,0,0,0
U23,U23_S3,1792821895,U23_S3_A07,saved_rule_reused,1,0,0,0
U23,U23_S3,1792821895,U23_S3_A07,rule_submit,33.5,0,1,0
U23,U23_S3,1792821935,U23_S3_A08,rule_submit,34.7,0,1,0
U23,U23_S3,1792821971,U23_S3_A09,rule_submit,30.3,0,1,0
U23,U23_S3,1792822015,U23_S3_A10,saved_rule_reused,1,0,0,0
U23,U23_S3,1792822015,U23_S3_A10,rule_submit,38.8,0,0,0
U23,U23_S3,1792822066,U23_S3_A11,rule_submit,45.6,1,0,0
U23,U23_S3,1792822115,U23_S3_A12,saved_rule_reused,1,0,0,0
U23,U23_S3,1792822115,U23_S3_A12,rule_submit,44.0,0,0,0
U23,U23_S4,1792828849,U23_S4_A01,saved_rule_reused,1,0,0,0
U23,U23_S4,1792828849,U23_S4_A01,rule_submit,43.4,1,0,0
U23,U23_S4,1792828880,U23_S4_A02,rule_submit,25.4,0,0,0
U23,U23_S4,1792828917,U23_S4_A03,saved_rule_reused,1,0,0,0
U23,U23_S4,1792828917,U23_S4_A03,rule_submit,32.0,0,0,0
U23,U23_S4,1792828968,U23_S4_A04,rule_submit,45.7,0,0,0
U23,U23_S4,1792829021,U23_S4_A05,syntax_error,1,0,0,0
U23,U23_S4,1792829021,U23_S4_A05,rule_submit,47.4,0,0,0
U23,U23_S4,1792829074,U23_S4_A06,rule_submit,47.7,0,0,0
U23,U23_S4,1792829112,U23_S4_A07,rule_submit,32.2,0,0,0
U23,U23_S4,1792829151,U23_S4_A08,saved_rule_reused,1,0,0,0
U23,U23_S4,1792829151,U23_S4_A08,rule_submit,34.0,0,0,0
U23,U23_S4,1792829192,U23_S4_A09,rule_submit,35.5,1,0,0
U23,U23_S4,1792829237,U23_S4_A10,semantic_error,1,0,0,0
U23,U23_S4,1792829237,U23_S4_A10,saved_rule_reused,1,0,0,0
U23,U23_S4,1792829237,U23_S4_A10,rule_submit,39.8,0,0,0
U23,U23_S4,1792829273,U23_S4_A11,saved_rule_reused,1,0,0,0
U23,U23_S4,1792829273,U23_S4_A11,rule_submit,30.9,0,0,0
U23,U23_S4,1792829316,U23_S4_A12,semantic_error,1,0,0,0
U23,U23_S4,1792829316,U23_S4_A12,saved_rule_reused,1,0,0,0
U23,U23_S4,1792829316,U23_S4_A12,rule_submit,37.3,0,0,0
U24,U24_S1,1792893670,U24_S1_A01,rule_submit,64.5,1,0,0
U24,U24_S1,1792893732,U24_S1_A02,rule_submit,56.7,0,0,2
U24,U24_S1,1792893795,U24_S1_A03,semantic_error,1,0,0,0
U24,U24_S1,1792893795,U24_S1_A03,rule_submit,57.1,0,1,0
U24,U24_S1,1792893859,U24_S1_A04,rule_submit,58.8,0,0,0
U24,U24_S1,1792893932,U24_S1_A05,rule_submit,67.8,1,0,0
U24,U24_S1,1792893981,U24_S1_A06,rule_submit,43.2,0,0,2
U24,U24_S1,1792894046,U24_S1_A07,saved_rule_reused,1,0,0,0
U24,U24_S1,1792894046,U24_S1_A07,rule_submit,59.3,0,0,0
U24,U24_S1,1792894105,U24_S1_A08,rule_submit,53.6,1,0,0
U24,U24_S1,1792894176,U24_S1_A09,saved_rule_reused,1,0,0,0
U24,U24_S1,1792894176,U24_S1_A09,rule_submit,65.1,0,0,0
U24,U24_S1,1792894234,U24_S1_A10,rule_submit,52.1,0,0,0
U24,U24_S1,1792894290,U24_S1_A11,saved_rule_reused,1,0,0,0
U24,U24_S1,1792894290,U24_S1_A11,rule_submit,50.7,0,1,0
U24,U24_S1,1792894345,U24_S1_A12,saved_rule_reused,1,0,0,0
U24,U24_S1,1792894345,U24_S1_A12,rule_submit,49.4,0,1,0
U24,U24_S2,1792900862,U24_S2_A01,rule_submit,56.4,1,0,0
U24,U24_S2,1792900900,U24_S2_A02,semantic_error,1,0,0,0
U24,U24_S2,1792900900,U24_S2_A02,rule_submit,32.9,0,0,0
U24,U24_S2,1792900951,U24_S2_A03,rule_submit,45.8,0,0,2
U24,U24_S2,1792901014,U24_S2_A04,semantic_error,1,0,0,0
U24,U24_S2,1792901014,U24_S2_A04,rule_submit,57.2,0,1,0
U24,U24_S2,1792901068,U24_S2_A05,saved_rule_reused,1,0,0,0
U24,U24_S2,1792901068,U24_S2_A05,rule_submit,48.9,0,0,0
U24,U24_S2,1792901114,U24_S2_A06,saved_rule_reused,1,0,0,0
U24,U24_S2,1792901114,U24_S2_A06,rule_submit,40.1,0,0,2
U24,U24_S2,1792901175,U24_S2_A07,rule_submit,55.2,0,1,0
U24,U24_S2,1792901229,U24_S2_A08,rule_submit,48.7,0,0,2
U24,U24_S2,1792901267,U24_S2_A09,saved_rule_reused,1,0,0,0
U24,U24_S2,1792901267,U24_S2_A09,rule_submit,32.9,1,0,0
U24,U24_S2,1792901319,U24_S2_A10,saved_rule_reused,1,0,0,0
U24,U24_S2,1792901319,U24_S2_A10,rule_submit,46.5,1,0,0
U24,U24_S2,1792901390,U24_S2_A11,rule_submit,65.5,1,0,0
U24,U24_S2,1792901442,U24_S2_A12,semantic_error,1,0,0,0
U24,U24_S2,1792901442,U24_S2_A12,saved_rule_reused,1,0,0,0
U24,U24_S2,1792901442,U24_S2_A12,rule_submit,46.7,0,1,0
U24,U24_S3,1792908048,U24_S3_A01,rule_submit,42.7,0,0,0
U24,U24_S3,1792908101,U24_S3_A02,rule_submit,47.9,1,0,0
U24,U24_S3,1792908169,U24_S3_A03,saved_rule_reused,1,0,0,0
U24,U24_S3,1792908169,U24_S3_A03,rule_submit,62.6,0,0,0
U24,U24_S3,1792908230,U24_S3_A04,syntax_error,1,0,0,0
U24,U24_S3,1792908230,U24_S3_A04,rule_submit,55.7,0,0,0
U24,U24_S3,1792908305,U24_S3_A05,syntax_error,1,0,0,0
U24,U24_S3,1792908305,U24_S3_A05,saved_rule_reused,1,0,0,0
U24,U24_S3,1792908305,U24_S3_A05,rule_submit,70.0,0,0,0
U24,U24_S3,1792908371,U24_S3_A06,syntax_error,1,0,0,0
U24,U24_S3,1792908371,U24_S3_A06,rule_submit,60.6,0,1,0
U24,U24_S3,1792908442,U24_S3_A07,saved_rule_reused,1,0,0,0
U24,U24_S3,1792908442,U24_S3_A07,rule_submit,66.0,0,0,0
U24,U24_S3,1792908500,U24_S3_A08,semantic_error,1,0,0,0
U24,U24_S3,1792908500,U24_S3_A08,saved_rule_reused,1,0,0,0
U24,U24_S3,1792908500,U24_S3_A08,rule_submit,52.1,0,1,0
U24,U24_S3,1792908555,U24_S3_A09,rule_submit,49.5,0,0,2
U24,U24_S3,1792908643,U24_S3_A10,syntax_error,1,0,0,0
U24,U24_S3,1792908643,U24_S3_A10,rule_submit,82.5,0,0,2
U24,U24_S3,1792908691,U24_S3_A11,saved_rule_reused,1,0,0,0
U24,U24_S3,1792908691,U24_S3_A11,rule_submit,42.6,0,0,2
U24,U24_S3,1792908743,U24_S3_A12,saved_rule_reused,1,0,0,0
U24,U24_S3,1792908743,U24_S3_A12,rule_submit,46.3,0,0,0
U24,U24_S4,1792915246,U24_S4_A01,semantic_error,1,0,0,0
U24,U24_S4,1792915246,U24_S4_A01,rule_submit,40.6,0,0,2
U24,U24_S4,1792915295,U24_S4_A02,rule_submit,43.9,1,0,0
U24,U24_S4,1792915339,U24_S4_A03,syntax_error,1,0,0,0
U24,U24_S4,1792915339,U24_S4_A03,rule_submit,38.5,0,0,0
U24,U24_S4,1792915382,U24_S4_A04,rule_submit,37.8,0,0,2
U24,U24_S4,1792915438,U24_S4_A05,saved_rule_reused,1,0,0,0
U24,U24_S4,1792915438,U24_S4_A05,rule_submit,50.2,0,1,0
U24,U24_S4,1792915494,U24_S4_A06,rule_submit,50.1,0,0,2
U24,U24_S4,1792915553,U24_S4_A07,rule_submit,53.2,1,0,0
U24,U24_S4,1792915624,U24_S4_A08,rule_submit,65.6,0,0,0
U24,U24_S4,1792915694,U24_S4_A09,saved_rule_reused,1,0,0,0
U24,U24_S4,1792915694,U24_S4_A09,rule_submit,64.4,0,0,0
U24,U24_S4,1792915741,U24_S4_A10,saved_rule_reused,1,0,0,0
U24,U24_S4,1792915741,U24_S4_A10,rule_submit,41.8,1,0,0
U24,U24_S4,1792915794,U24_S4_A11,rule_submit,47.6,0,0,2
U24,U24_S4,1792915872,U24_S4_A12,rule_submit,72.4,0,1,0
U25,U25_S1,1792980036,U25_S1_A01,rule_submit,30.2,1,0,0
U25,U25_S1,1792980063,U25_S1_A02,saved_rule_reused,1,0,0,0
U25,U25_S1,1792980063,U25_S1_A02,rule_submit,21.8,0,0,2
U25,U25_S1,1792980087,U25_S1_A03,rule_submit,18.9,0,0,2
U25,U25_S1,1792980114,U25_S1_A04,saved_rule_reused,1,0,0,0
U25,U25_S1,1792980114,U25_S1_A04,rule_submit,21.1,0,0,0
U25,U25_S1,1792980146,U25_S1_A05,saved_rule_reused,1,0,0,0
U25,U25_S1,1792980146,U25_S1_A05,rule_submit,27.0,1,0,0
U25,U25_S1,1792980174,U25_S1_A06,saved_rule_reused,1,0,0,0
U25,U25_S1,1792980174,U25_S1_A06,rule_submit,22.5,0,0,0
U25,U25_S1,1792980200,U25_S1_A07,rule_submit,20.9,1,0,0
U25,U25_S1,1792980225,U25_S1_A08,saved_rule_reused,1,0,0,0
U25,U25_S1,1792980225,U25_S1_A08,rule_submit,19.3,1,0,0
U25,U25_S1,1792980252,U25_S1_A09,saved_rule_reused,1,0,0,0
U25,U25_S1,1792980252,U25_S1_A09,rule_submit,21.2,0,1,0
U25,U25_S1,1792980280,U25_S1_A10,rule_submit,22.7,1,0,0
U25,U25_S1,1792980307,U25_S1_A11,saved_rule_reused,1,0,0,0
U25,U25_S1,1792980307,U25_S1_A11,rule_submit,21.4,0,0,2
U25,U25_S1,1792980337,U25_S1_A12,saved_rule_reused,1,0,0,0
U25,U25_S1,1792980337,U25_S1_A12,rule_submit,24.4,0,1,0
U25,U25_S2,1792987226,U25_S2_A01,saved_rule_reused,1,0,0,0
U25,U25_S2,1792987226,U25_S2_A01,rule_submit,20.5,1,0,0
U25,U25_S2,1792987254,U25_S2_A02,rule_submit,22.7,1,0,0
U25,U25_S2,1792987285,U25_S2_A03,saved_rule_reused,1,0,0,0
U25,U25_S2,1792987285,U25_S2_A03,rule_submit,25.1,0,0,0
U25,U25_S2,1792987312,U25_S2_A04,rule_submit,21.4,1,0,0
U25,U25_S2,1792987339,U25_S2_A05,rule_submit,21.8,0,0,0
U25,U25_S2,1792987368,U25_S2_A06,saved_rule_reused,1,0,0,0
U25,U25_S2,1792987368,U25_S2_A06,rule_submit,23.3,0,0,2
U25,U25_S2,1792987396,U25_S2_A07,saved_rule_reused,1,0,0,0
U25,U25_S2,1792987396,U25_S2_A07,rule_submit,22.1,1,0,0
U25,U25_S2,1792987427,U25_S2_A08,saved_rule_reused,1,0,0,0
U25,U25_S2,1792987427,U25_S2_A08,rule_submit,25.7,1,0,0
U25,U25_S2,1792987459,U25_S2_A09,rule_submit,26.1,0,0,2
U25,U25_S2,1792987482,U25_S2_A10,saved_rule_reused,1,0,0,0
U25,U25_S2,1792987482,U25_S2_A10,rule_submit,17.1,0,0,0
U25,U25_S2,1792987505,U25_S2_A11,rule_submit,18.0,1,0,0
U25,U25_S2,1792987529,U25_S2_A12,rule_submit,18.8,0,1,0
U25,U25_S3,1792994432,U25_S3_A01,syntax_error,1,0,0,0
U25,U25_S3,1792994432,U25_S3_A01,rule_submit,26.2,1,0,0
U25,U25_S3,1792994458,U25_S3_A02,saved_rule_reused,1,0,0,0
U25,U25_S3,1792994458,U25_S3_A02,rule_submit,20.5,0,0,2
U25,U25_S3,1792994487,U25_S3_A03,saved_rule_reused,1,0,0,0
U25,U25_S3,1792994487,U25_S3_A03,rule_submit,23.7,1,0,0
U25,U25_S3,1792994513,U25_S3_A04,saved_rule_reused,1,0,0,0
U25,U25_S3,1792994513,U25_S3_A04,rule_submit,20.9,0,0,2
U25,U25_S3,1792994539,U25_S3_A05,saved_rule_reused,1,0,0,0
U25,U25_S3,1792994539,U25_S3_A05,rule_submit,20.5,1,0,0
U25,U25_S3,1792994566,U25_S3_A06,saved_rule_reused,1,0,0,0
U25,U25_S3,1792994566,U25_S3_A06,rule_submit,21.8,0,0,2
U25,U25_S3,1792994591,U25_S3_A07,saved_rule_reused,1,0,0,0
U25,U25_S3,1792994591,U25_S3_A07,rule_submit,19.7,1,0,0
U25,U25_S3,1792994617,U25_S3_A08,saved_rule_reused,1,0,0,0
U25,U25_S3,1792994617,U25_S3_A08,rule_submit,20.6,1,0,0
U25,U25_S3,1792994644,U25_S3_A09,saved_rule_reused,1,0,0,0
U25,U25_S3,1792994644,U25_S3_A09,rule_submit,21.8,1,0,0
U25,U25_S3,1792994669,U25_S3_A10,saved_rule_reused,1,0,0,0
U25,U25_S3,1792994669,U25_S3_A10,rule_submit,19.1,0,0,2
U25,U25_S3,1792994694,U25_S3_A11,saved_rule_reused,1,0,0,0
U25,U25_S3,1792994694,U25_S3_A11,rule_submit,19.7,0,0,2
U25,U25_S3,1792994724,U25_S3_A12,saved_rule_reused,1,0,0,0
U25,U25_S3,1792994724,U25_S3_A12,rule_submit,24.3,0,0,2
U25,U25_S4,1793001627,U25_S4_A01,rule_submit,21.7,0,1,0
U25,U25_S4,1793001660,U25_S4_A02,saved_rule_reused,1,0,0,0
U25,U25_S4,1793001660,U25_S4_A02,rule_submit,27.9,1,0,0
U25,U25_S4,1793001684,U25_S4_A03,saved_rule_reused,1,0,0,0
U25,U25_S4,1793001684,U25_S4_A03,rule_submit,18.4,0,0,2
U25,U25_S4,1793001713,U25_S4_A04,saved_rule_reused,1,0,0,0
U25,U25_S4,1793001713,U25_S4_A04,rule_submit,23.8,0,1,0
U25,U25_S4,1793001737,U25_S4_A05,saved_rule_reused,1,0,0,0
U25,U25_S4,1793001737,U25_S4_A05,rule_submit,18.1,1,0,0
U25,U25_S4,1793001765,U25_S4_A06,saved_rule_reused,1,0,0,0
U25,U25_S4,1793001765,U25_S4_A06,rule_submit,22.3,1,0,0
U25,U25_S4,1793001793,U25_S4_A07,saved_rule_reused,1,0,0,0
U25,U25_S4,1793001793,U25_S4_A07,rule_submit,22.2,0,1,0
U25,U25_S4,1793001823,U25_S4_A08,rule_submit,24.2,0,1,0
U25,U25_S4,1793001847,U25_S4_A09,rule_submit,18.1,0,0,0
U25,U25_S4,1793001873,U25_S4_A10,saved_rule_reused,1,0,0,0
U25,U25_S4,1793001873,U25_S4_A10,rule_submit,20.4,1,0,0
U25,U25_S4,1793001893,U25_S4_A11,saved_rule_reused,1,0,0,0
U25,U25_S4,1793001893,U25_S4_A11,rule_submit,15.0,0,0,0
U25,U25_S4,1793001920,U25_S4_A12,saved_rule_reused,1,0,0,0
U25,U25_S4,1793001920,U25_S4_A12,rule_submit,21.6,0,0,2
U26,U26_S1,1793066433,U26_S1_A01,saved_rule_reused,1,0,0,0
U26,U26_S1,1793066433,U26_S1_A01,rule_submit,27.6,0,0,2
U26,U26_S1,1793066470,U26_S1_A02,saved_rule_reused,1,0,0,0
U26,U26_S1,1793066470,U26_S1_A02,rule_submit,31.2,0,0,0
U26,U26_S1,1793066498,U26_S1_A03,saved_rule_reused,1,0,0,0
U26,U26_S1,1793066498,U26_S1_A03,rule_submit,22.5,0,0,2
U26,U26_S1,1793066530,U26_S1_A04,rule_submit,26.1,1,0,0
U26,U26_S1,1793066565,U26_S1_A05,saved_rule_reused,1,0,0,0
U26,U26_S1,1793066565,U26_S1_A05,rule_submit,29.8,0,0,0
U26,U26_S1,1793066590,U26_S1_A06,saved_rule_reused,1,0,0,0
U26,U26_S1,1793066590,U26_S1_A06,rule_submit,19.3,1,0,0
U26,U26_S1,1793066616,U26_S1_A07,saved_rule_reused,1,0,0,0
U26,U26_S1,1793066616,U26_S1_A07,rule_submit,20.3,0,0,0
U26,U26_S1,1793066645,U26_S1_A08,saved_rule_reused,1,0,0,0
U26,U26_S1,1793066645,U26_S1_A08,rule_submit,23.3,0,0,0
U26,U26_S1,1793066680,U26_S1_A09,saved_rule_reused,1,0,0,0
U26,U26_S1,1793066680,U26_S1_A09,rule_submit,29.9,0,1,0
U26,U26_S1,1793066706,U26_S1_A10,saved_rule_reused,1,0,0,0
U26,U26_S1,1793066706,U26_S1_A10,rule_submit,20.9,0,0,2
U26,U26_S1,1793066740,U26_S1_A11,rule_submit,28.3,1,0,0
U26,U26_S1,1793066772,U26_S1_A12,rule_submit,26.7,0,0,0
U26,U26_S2,1793073635,U26_S2_A01,saved_rule_reused,1,0,0,0
U26,U26_S2,1793073635,U26_S2_A01,rule_submit,29.3,0,0,2
U26,U26_S2,1793073670,U26_S2_A02,saved_rule_reused,1,0,0,0
U26,U26_S2,1793073670,U26_S2_A02,rule_submit,29.5,0,0,0
U26,U26_S2,1793073695,U26_S2_A03,saved_rule_reused,1,0,0,0
U26,U26_S2,1793073695,U26_S2_A03,rule_submit,19.7,0,0,2
U26,U26_S2,1793073726,U26_S2_A04,saved_rule_reused,1,0,0,0
U26,U26_S2,1793073726,U26_S2_A04,rule_submit,25.3,0,0,0
U26,U26_S2,1793073758,U26_S2_A05,saved_rule_reused,1,0,0,0
U26,U26_S2,1793073758,U26_S2_A05,rule_submit,26.9,1,0,0
U26,U26_S2,1793073781,U26_S2_A06,saved_rule_reused,1,0,0,0
U26,U26_S2,1793073781,U26_S2_A06,rule_submit,17.7,0,0,0
U26,U26_S2,1793073808,U26_S2_A07,saved_rule_reused,1,0,0,0
U26,U26_S2,1793073808,U26_S2_A07,rule_submit,21.9,0,0,0
U26,U26_S2,1793073845,U26_S2_A08,saved_rule_reused,1,0,0,0
U26,U26_S2,1793073845,U26_S2_A08,rule_submit,31.5,0,0,2
U26,U26_S2,1793073877,U26_S2_A09,saved_rule_reused,1,0,0,0
U26,U26_S2,1793073877,U26_S2_A09,rule_submit,26.3,0,0,0
U26,U26_S2,1793073904,U26_S2_A10,semantic_error,1,0,0,0
U26,U26_S2,1793073904,U26_S2_A10,saved_rule_reused,1,0,0,0
U26,U26_S2,1793073904,U26_S2_A10,rule_submit,21.6,0,0,2
U26,U26_S2,1793073929,U26_S2_A11,saved_rule_reused,1,0,0,0
U26,U26_S2,1793073929,U26_S2_A11,rule_submit,19.6,0,1,0
U26,U26_S2,1793073961,U26_S2_A12,saved_rule_reused,1,0,0,0
U26,U26_S2,1793073961,U26_S2_A12,rule_submit,26.8,0,0,0
U26,U26_S3,1793080825,U26_S3_A01,saved_rule_reused,1,0,0,0
U26,U26_S3,1793080825,U26_S3_A01,rule_submit,19.8,0,1,0
U26,U26_S3,1793080852,U26_S3_A02,saved_rule_reused,1,0,0,0
U26,U26_S3,1793080852,U26_S3_A02,rule_submit,22.0,1,0,0
U26,U26_S3,1793080880,U26_S3_A03,saved_rule_reused,1,0,0,0
U26,U26_S3,1793080880,U26_S3_A03,rule_submit,22.2,0,1,0
U26,U26_S3,1793080904,U26_S3_A04,saved_rule_reused,1,0,0,0
U26,U26_S3,1793080904,U26_S3_A04,rule_submit,18.6,0,1,0
U26,U26_S3,1793080941,U26_S3_A05,saved_rule_reused,1,0,0,0
U26,U26_S3,1793080941,U26_S3_A05,rule_submit,31.3,1,0,0
U26,U26_S3,1793080967,U26_S3_A06,saved_rule_reused,1,0,0,0
U26,U26_S3,1793080967,U26_S3_A06,rule_submit,20.5,0,0,0
U26,U26_S3,1793080994,U26_S3_A07,saved_rule_reused,1,0,0,0
U26,U26_S3,1793080994,U26_S3_A07,rule_submit,21.5,0,0,0
U26,U26_S3,1793081027,U26_S3_A08,rule_submit,27.8,0,0,0
U26,U26_S3,1793081060,U26_S3_A09,rule_submit,27.6,0,0,0
U26,U26_S3,1793081088,U26_S3_A10,saved_rule_reused,1,0,0,0
U26,U26_S3,1793081088,U26_S3_A10,rule_submit,22.5,0,0,0
U26,U26_S3,1793081119,U26_S3_A11,saved_rule_reused,1,0,0,0
U26,U26_S3,1793081119,U26_S3_A11,rule_submit,25.6,1,0,0
U26,U26_S3,1793081146,U26_S3_A12,saved_rule_reused,1,0,0,0
U26,U26_S3,1793081146,U26_S3_A12,rule_submit,21.5,0,0,2
U26,U26_S4,1793088029,U26_S4_A01,rule_submit,23.9,0,0,0
U26,U26_S4,1793088060,U26_S4_A02,saved_rule_reused,1,0,0,0
U26,U26_S4,1793088060,U26_S4_A02,rule_submit,25.2,0,0,2
U26,U26_S4,1793088089,U26_S4_A03,rule_submit,23.3,0,1,0
U26,U26_S4,1793088114,U26_S4_A04,saved_rule_reused,1,0,0,0
U26,U26_S4,1793088114,U26_S4_A04,rule_submit,19.1,0,0,2
U26,U26_S4,1793088140,U26_S4_A05,saved_rule_reused,1,0,0,0
U26,U26_S4,1793088140,U26_S4_A05,rule_submit,21.0,0,1,0
U26,U26_S4,1793088166,U26_S4_A06,saved_rule_reused,1,0,0,0
U26,U26_S4,1793088166,U26_S4_A06,rule_submit,20.7,0,0,2
U26,U26_S4,1793088186,U26_S4_A07,rule_submit,14.3,0,1,0
U26,U26_S4,1793088216,U26_S4_A08,saved_rule_reused,1,0,0,0
U26,U26_S4,1793088216,U26_S4_A08,rule_submit,24.7,0,0,0
U26,U26_S4,1793088245,U26_S4_A09,saved_rule_reused,1,0,0,0
U26,U26_S4,1793088245,U26_S4_A09,rule_submit,23.3,0,0,2
U26,U26_S4,1793088274,U26_S4_A10,saved_rule_reused,1,0,0,0
U26,U26_S4,1793088274,U26_S4_A10,rule_submit,23.2,0,0,0
U26,U26_S4,1793088304,U26_S4_A11,saved_rule_reused,1,0,0,0
U26,U26_S4,1793088304,U26_S4_A11,rule_submit,24.3,0,1,0
U26,U26_S4,1793088333,U26_S4_A12,saved_rule_reused,1,0,0,0
U26,U26_S4,1793088333,U26_S4_A12,rule_submit,23.5,0,0,2
U27,U27_S1,1793152839,U27_S1_A01,rule_submit,33.4,0,1,0
U27,U27_S1,1793152872,U27_S1_A02,rule_submit,27.3,0,0,0
U27,U27_S1,1793152901,U27_S1_A03,saved_rule_reused,1,0,0,0
U27,U27_S1,1793152901,U27_S1_A03,rule_submit,23.8,0,1,0
U27,U27_S1,1793152938,U27_S1_A04,rule_submit,31.9,0,0,0
U27,U27_S1,1793152975,U27_S1_A05,saved_rule_reused,1,0,0,0
U27,U27_S1,1793152975,U27_S1_A05,rule_submit,31.4,0,0,2
U27,U27_S1,1793153012,U27_S1_A06,rule_submit,31.8,0,0,2
U27,U27_S1,1793153039,U27_S1_A07,rule_submit,21.2,0,1,0
U27,U27_S1,1793153070,U27_S1_A08,rule_submit,25.1,1,0,0
U27,U27_S1,1793153100,U27_S1_A09,rule_submit,24.8,0,1,0
U27,U27_S1,1793153135,U27_S1_A10,saved_rule_reused,1,0,0,0
U27,U27_S1,1793153135,U27_S1_A10,rule_submit,29.5,0,0,2
U27,U27_S1,1793153164,U27_S1_A11,saved_rule_reused,1,0,0,0
U27,U27_S1,1793153164,U27_S1_A11,rule_submit,24.0,0,0,0
U27,U27_S1,1793153203,U27_S1_A12,saved_rule_reused,1,0,0,0
U27,U27_S1,1793153203,U27_S1_A12,rule_submit,33.5,0,0,0
U27,U27_S2,1793160034,U27_S2_A01,saved_rule_reused,1,0,0,0
U27,U27_S2,1793160034,U27_S2_A01,rule_submit,28.5,0,1,0
U27,U27_S2,1793160069,U27_S2_A02,saved_rule_reused,1,0,0,0
U27,U27_S2,1793160069,U27_S2_A02,rule_submit,29.8,0,1,0
U27,U27_S2,1793160094,U27_S2_A03,rule_submit,20.0,0,0,2
U27,U27_S2,1793160122,U27_S2_A04,saved_rule_reused,1,0,0,0
U27,U27_S2,1793160122,U27_S2_A04,rule_submit,22.1,0,0,2
U27,U27_S2,1793160160,U27_S2_A05,rule_submit,32.2,0,1,0
U27,U27_S2,1793160198,U27_S2_A06,saved_rule_reused,1,0,0,0
U27,U27_S2,1793160198,U27_S2_A06,rule_submit,33.0,0,0,0
U27,U27_S2,1793160225,U27_S2_A07,saved_rule_reused,1,0,0,0
U27,U27_S2,1793160225,U27_S2_A07,rule_submit,22.0,1,0,0
U27,U27_S2,1793160257,U27_S2_A08,rule_submit,26.6,1,0,0
U27,U27_S2,1793160294,U27_S2_A09,saved_rule_reused,1,0,0,0
U27,U27_S2,1793160294,U27_S2_A09,rule_submit,31.6,0,0,2
U27,U27_S2,1793160335,U27_S2_A10,saved_rule_reused,1,0,0,0
U27,U27_S2,1793160335,U27_S2_A10,rule_submit,35.6,0,0,2
U27,U27_S2,1793160364,U27_S2_A11,saved_rule_reused,1,0,0,0
U27,U27_S2,1793160364,U27_S2_A11,rule_submit,23.4,0,1,0
U27,U27_S2,1793160397,U27_S2_A12,saved_rule_reused,1,0,0,0
U27,U27_S2,1793160397,U27_S2_A12,rule_submit,27.9,1,0,0
U27,U27_S3,1793167229,U27_S3_A01,saved_rule_reused,1,0,0,0
U27,U27_S3,1793167229,U27_S3_A01,rule_submit,23.9,0,1,0
U27,U27_S3,1793167261,U27_S3_A02,rule_submit,27.0,0,0,2
U27,U27_S3,1793167292,U27_S3_A03,syntax_error,1,0,0,0
U27,U27_S3,1793167292,U27_S3_A03,rule_submit,25.8,0,0,2
U27,U27_S3,1793167324,U27_S3_A04,saved_rule_reused,1,0,0,0
U27,U27_S3,1793167324,U27_S3_A04,rule_submit,26.6,1,0,0
U27,U27_S3,1793167359,U27_S3_A05,saved_rule_reused,1,0,0,0
U27,U27_S3,1793167359,U27_S3_A05,rule_submit,29.9,0,0,0
U27,U27_S3,1793167384,U27_S3_A06,saved_rule_reused,1,0,0,0
U27,U27_S3,1793167384,U27_S3_A06,rule_submit,19.4,1,0,0
U27,U27_S3,1793167413,U27_S3_A07,saved_rule_reused,1,0,0,0
U27,U27_S3,1793167413,U27_S3_A07,rule_submit,23.3,1,0,0
U27,U27_S3,1793167441,U27_S3_A08,rule_submit,22.8,0,1,0
U27,U27_S3,1793167475,U27_S3_A09,rule_submit,28.9,0,1,0
U27,U27_S3,1793167496,U27_S3_A10,rule_submit,15.7,1,0,0
U27,U27_S3,1793167523,U27_S3_A11,saved_rule_reused,1,0,0,0
U27,U27_S3,1793167523,U27_S3_A11,rule_submit,21.8,0,1,0
U27,U27_S3,1793167558,U27_S3_A12,saved_rule_reused,1,0,0,0
U27,U27_S3,1793167558,U27_S3_A12,rule_submit,29.3,0,0,2
U27,U27_S4,1793174434,U27_S4_A01,saved_rule_reused,1,0,0,0
U27,U27_S4,1793174434,U27_S4_A01,rule_submit,28.2,1,0,0
U27,U27_S4,1793174465,U27_S4_A02,saved_rule_reused,1,0,0,0
U27,U27_S4,1793174465,U27_S4_A02,rule_submit,25.1,0,1,0
U27,U27_S4,1793174497,U27_S4_A03,rule_submit,26.1,0,0,0
U27,U27_S4,1793174524,U27_S4_A04,rule_submit,21.7,0,0,2
U27,U27_S4,1793174558,U27_S4_A05,rule_submit,28.7,1,0,0
U27,U27_S4,1793174591,U27_S4_A06,saved_rule_reused,1,0,0,0
U27,U27_S4,1793174591,U27_S4_A06,rule_submit,27.8,0,1,0
U27,U27_S4,1793174622,U27_S4_A07,saved_rule_reused,1,0,0,0
U27,U27_S4,1793174622,U27_S4_A07,rule_submit,25.5,0,1,0
U27,U27_S4,1793174648,U27_S4_A08,saved_rule_reused,1,0,0,0
U27,U27_S4,1793174648,U27_S4_A08,rule_submit,20.6,0,1,0
U27,U27_S4,1793174676,U27_S4_A09,saved_rule_reused,1,0,0,0
U27,U27_S4,1793174676,U27_S4_A09,rule_submit,22.7,0,0,2
U27,U27_S4,1793174710,U27_S4_A10,saved_rule_reused,1,0,0,0
U27,U27_S4,1793174710,U27_S4_A10,rule_submit,28.7,1,0,0
U27,U27_S4,1793174743,U27_S4_A11,rule_submit,27.4,0,1,0
U27,U27_S4,1793174776,U27_S4_A12,rule_submit,27.1,1,0,0
U28,U28_S1,1793239228,U28_S1_A01,saved_rule_reused,1,0,0,0
U28,U28_S1,1793239228,U28_S1_A01,rule_submit,22.5,1,0,0
U28,U28_S1,1793239258,U28_S1_A02,saved_rule_reused,1,0,0,0
U28,U28_S1,1793239258,U28_S1_A02,rule_submit,24.9,1,0,0
U28,U28_S1,1793239287,U28_S1_A03,semantic_error,1,0,0,0
U28,U28_S1,1793239287,U28_S1_A03,saved_rule_reused,1,0,0,0
U28,U28_S1,1793239287,U28_S1_A03,rule_submit,23.1,0,1,0
U28,U28_S1,1793239317,U28_S1_A04,rule_submit,24.5,0,1,0
U28,U28_S1,1793239349,U28_S1_A05,saved_rule_reused,1,0,0,0
U28,U28_S1,1793239349,U28_S1_A05,rule_submit,26.8,0,0,0
U28,U28_S1,1793239374,U28_S1_A06,saved_rule_reused,1,0,0,0
U28,U28_S1,1793239374,U28_S1_A06,rule_submit,20.0,1,0,0
U28,U28_S1,1793239399,U28_S1_A07,saved_rule_reused,1,0,0,0
U28,U28_S1,1793239399,U28_S1_A07,rule_submit,19.1,0,1,0
U28,U28_S1,1793239424,U28_S1_A08,saved_rule_reused,1,0,0,0
U28,U28_S1,1793239424,U28_S1_A08,rule_submit,19.8,1,0,0
U28,U28_S1,1793239454,U28_S1_A09,saved_rule_reused,1,0,0,0
U28,U28_S1,1793239454,U28_S1_A09,rule_submit,24.6,0,1,0
U28,U28_S1,1793239489,U28_S1_A10,saved_rule_reused,1,0,0,0
U28,U28_S1,1793239489,U28_S1_A10,rule_submit,29.1,0,1,0
U28,U28_S1,1793239518,U28_S1_A11,saved_rule_reused,1,0,0,0
U28,U28_S1,1793239518,U28_S1_A11,rule_submit,23.9,0,1,0
U28,U28_S1,1793239547,U28_S1_A12,saved_rule_reused,1,0,0,0
U28,U28_S1,1793239547,U28_S1_A12,rule_submit,23.5,0,0,0
U28,U28_S2,1793246432,U28_S2_A01,rule_submit,26.9,0,0,0
U28,U28_S2,1793246457,U28_S2_A02,saved_rule_reused,1,0,0,0
U28,U28_S2,1793246457,U28_S2_A02,rule_submit,19.5,0,1,0
U28,U28_S2,1793246488,U28_S2_A03,rule_submit,25.5,0,0,0
U28,U28_S2,1793246515,U28_S2_A04,saved_rule_reused,1,0,0,0
U28,U28_S2,1793246515,U28_S2_A04,rule_submit,22.0,0,0,0
U28,U28_S2,1793246545,U28_S2_A05,saved_rule_reused,1,0,0,0
U28,U28_S2,1793246545,U28_S2_A05,rule_submit,24.1,1,0,0
U28,U28_S2,1793246573,U28_S2_A06,rule_submit,22.5,0,0,2
U28,U28_S2,1793246602,U28_S2_A07,saved_rule_reused,1,0,0,0
U28,U28_S2,1793246602,U28_S2_A07,rule_submit,23.8,0,1,0
U28,U28_S2,1793246630,U28_S2_A08,saved_rule_reused,1,0,0,0
U28,U28_S2,1793246630,U28_S2_A08,rule_submit,22.5,0,0,2
U28,U28_S2,1793246666,U28_S2_A09,saved_rule_reused,1,0,0,0
U28,U28_S2,1793246666,U28_S2_A09,rule_submit,30.4,0,0,2
U28,U28_S2,1793246698,U28_S2_A10,saved_rule_reused,1,0,0,0
U28,U28_S2,1793246698,U28_S2_A10,rule_submit,26.7,0,1,0
U28,U28_S2,1793246725,U28_S2_A11,saved_rule_reused,1,0,0,0
U28,U28_S2,1793246725,U28_S2_A11,rule_submit,22.0,0,0,2
U28,U28_S2,1793246756,U28_S2_A12,saved_rule_reused,1,0,0,0
U28,U28_S2,1793246756,U28_S2_A12,rule_submit,25.9,1,0,0
U28,U28_S3,1793253627,U28_S3_A01,rule_submit,21.2,1,0,0
U28,U28_S3,1793253651,U28_S3_A02,saved_rule_reused,1,0,0,0
U28,U28_S3,1793253651,U28_S3_A02,rule_submit,18.7,0,1,0
U28,U28_S3,1793253676,U28_S3_A03,saved_rule_reused,1,0,0,0
U28,U28_S3,1793253676,U28_S3_A03,rule_submit,19.9,0,1,0
U28,U28_S3,1793253703,U28_S3_A04,saved_rule_reused,1,0,0,0
U28,U28_S3,1793253703,U28_S3_A04,rule_submit,21.9,0,0,0
U28,U28_S3,1793253728,U28_S3_A05,rule_submit,19.7,0,0,2
U28,U28_S3,1793253756,U28_S3_A06,saved_rule_reused,1,0,0,0
U28,U28_S3,1793253756,U28_S3_A06,rule_submit,22.3,0,1,0
U28,U28_S3,1793253784,U28_S3_A07,saved_rule_reused,1,0,0,0
U28,U28_S3,1793253784,U28_S3_A07,rule_submit,22.1,1,0,0
U28,U28_S3,1793253814,U28_S3_A08,saved_rule_reused,1,0,0,0
U28,U28_S3,1793253814,U28_S3_A08,rule_submit,24.5,0,0,2
U28,U28_S3,1793253837,U28_S3_A09,saved_rule_reused,1,0,0,0
U28,U28_S3,1793253837,U28_S3_A09,rule_submit,17.7,0,0,2
U28,U28_S3,1793253866,U28_S3_A10,saved_rule_reused,1,0,0,0
U28,U28_S3,1793253866,U28_S3_A10,rule_submit,23.7,0,1,0
U28,U28_S3,1793253893,U28_S3_A11,rule_submit,22.0,0,0,2
U28,U28_S3,1793253926,U28_S3_A12,saved_rule_reused,1,0,0,0
U28,U28_S3,1793253926,U28_S3_A12,rule_submit,27.6,0,1,0
U28,U28_S4,1793260833,U28_S4_A01,saved_rule_reused,1,0,0,0
U28,U28_S4,1793260833,U28_S4_A01,rule_submit,27.3,0,1,0
U28,U28_S4,1793260862,U28_S4_A02,saved_rule_reused,1,0,0,0
U28,U28_S4,1793260862,U28_S4_A02,rule_submit,23.2,1,0,0
U28,U28_S4,1793260889,U28_S4_A03,rule_submit,22.0,0,1,0
U28,U28_S4,1793260917,U28_S4_A04,saved_rule_reused,1,0,0,0
U28,U28_S4,1793260917,U28_S4_A04,rule_submit,22.8,1,0,0
U28,U28_S4,1793260937,U28_S4_A05,rule_submit,14.7,0,0,0
U28,U28_S4,1793260971,U28_S4_A06,saved_rule_reused,1,0,0,0
U28,U28_S4,1793260971,U28_S4_A06,rule_submit,28.5,0,0,2
U28,U28_S4,1793260996,U28_S4_A07,saved_rule_reused,1,0,0,0
U28,U28_S4,1793260996,U28_S4_A07,rule_submit,19.4,0,0,2
U28,U28_S4,1793261022,U28_S4_A08,saved_rule_reused,1,0,0,0
U28,U28_S4,1793261022,U28_S4_A08,rule_submit,20.8,0,1,0
U28,U28_S4,1793261049,U28_S4_A09,rule_submit,21.9,0,0,0
U28,U28_S4,1793261067,U28_S4_A10,saved_rule_reused,1,0,0,0
U28,U28_S4,1793261067,U28_S4_A10,rule_submit,12.1,0,0,0
U28,U28_S4,1793261091,U28_S4_A11,saved_rule_reused,1,0,0,0
U28,U28_S4,1793261091,U28_S4_A11,rule_submit,18.7,0,0,2
U28,U28_S4,1793261121,U28_S4_A12,saved_rule_reused,1,0,0,0
U28,U28_S4,1793261121,U28_S4_A12,rule_submit,24.5,0,0,0
U29,U29_S1,1793325626,U29_S1_A01,saved_rule_reused,1,0,0,0
U29,U29_S1,1793325626,U29_S1_A01,rule_submit,20.6,0,1,0
U29,U29_S1,1793325657,U29_S1_A02,rule_submit,25.5,0,0,2
U29,U29_S1,1793325682,U29_S1_A03,rule_submit,19.6,0,0,2
U29,U29_S1,1793325704,U29_S1_A04,rule_submit,16.7,0,0,2
U29,U29_S1,1793325739,U29_S1_A05,rule_submit,30.0,0,1,0
U29,U29_S1,1793325770,U29_S1_A06,saved_rule_reused,1,0,0,0
U29,U29_S1,1793325770,U29_S1_A06,rule_submit,25.6,0,1,0
U29,U29_S1,1793325796,U29_S1_A07,rule_submit,20.7,0,0,2
U29,U29_S1,1793325823,U29_S1_A08,rule_submit,21.6,0,1,0
U29,U29_S1,1793325849,U29_S1_A09,saved_rule_reused,1,0,0,0
U29,U29_S1,1793325849,U29_S1_A09,rule_submit,20.6,1,0,0
U29,U29_S1,1793325871,U29_S1_A10,semantic_error,1,0,0,0
U29,U29_S1,1793325871,U29_S1_A10,rule_submit,16.6,1,0,0
U29,U29_S1,1793325907,U29_S1_A11,rule_submit,30.3,0,0,2
U29,U29_S1,1793325939,U29_S1_A12,saved_rule_reused,1,0,0,0
U29,U29_S1,1793325939,U29_S1_A12,rule_submit,26.5,0,1,0
U29,U29_S2,1793332830,U29_S2_A01,saved_rule_reused,1,0,0,0
U29,U29_S2,1793332830,U29_S2_A01,rule_submit,24.4,0,0,2
U29,U29_S2,1793332849,U29_S2_A02,rule_submit,13.3,0,1,0
U29,U29_S2,1793332873,U29_S2_A03,rule_submit,18.9,1,0,0
U29,U29_S2,1793332904,U29_S2_A04,rule_submit,25.7,0,1,0
U29,U29_S2,1793332930,U29_S2_A05,rule_submit,20.1,1,0,0
U29,U29_S2,1793332961,U29_S2_A06,saved_rule_reused,1,0,0,0
U29,U29_S2,1793332961,U29_S2_A06,rule_submit,25.7,0,1,0
U29,U29_S2,1793332992,U29_S2_A07,saved_rule_reused,1,0,0,0
U29,U29_S2,1793332992,U29_S2_A07,rule_submit,25.9,0,1,0
U29,U29_S2,1793333023,U29_S2_A08,rule_submit,25.5,1,0,0
U29,U29_S2,1793333051,U29_S2_A09,saved_rule_reused,1,0,0,0
U29,U29_S2,1793333051,U29_S2_A09,rule_submit,22.4,0,0,2
U29,U29_S2,1793333082,U29_S2_A10,rule_submit,25.4,0,0,2
U29,U29_S2,1793333108,U29_S2_A11,rule_submit,20.1,0,0,2
U29,U29_S2,1793333132,U29_S2_A12,rule_submit,18.4,0,1,0
U29,U29_S3,1793340023,U29_S3_A01,saved_rule_reused,1,0,0,0
U29,U29_S3,1793340023,U29_S3_A01,rule_submit,17.9,1,0,0
U29,U29_S3,1793340058,U29_S3_A02,saved_rule_reused,1,0,0,0
U29,U29_S3,1793340058,U29_S3_A02,rule_submit,29.1,0,1,0
U29,U29_S3,1793340085,U29_S3_A03,saved_rule_reused,1,0,0,0
U29,U29_S3,1793340085,U29_S3_A03,rule_submit,22.0,0,0,2
U29,U29_S3,1793340112,U29_S3_A04,saved_rule_reused,1,0,0,0
U29,U29_S3,1793340112,U29_S3_A04,rule_submit,21.9,1,0,0
U29,U29_S3,1793340143,U29_S3_A05,saved_rule_reused,1,0,0,0
U29,U29_S3,1793340143,U29_S3_A05,rule_submit,25.5,1,0,0
U29,U29_S3,1793340177,U29_S3_A06,rule_submit,28.1,1,0,0
U29,U29_S3,1793340203,U29_S3_A07,rule_submit,20.6,1,0,0
U29,U29_S3,1793340228,U29_S3_A08,saved_rule_reused,1,0,0,0
U29,U29_S3,1793340228,U29_S3_A08,rule_submit,19.1,0,1,0
U29,U29_S3,1793340250,U29_S3_A09,rule_submit,16.3,0,1,0
U29,U29_S3,1793340275,U29_S3_A10,rule_submit,19.6,0,1,0
U29,U29_S3,1793340299,U29_S3_A11,saved_rule_reused,1,0,0,0
U29,U29_S3,1793340299,U29_S3_A11,rule_submit,18.6,0,1,0
U29,U29_S3,1793340326,U29_S3_A12,rule_submit,21.7,0,1,0
U29,U29_S4,1793347228,U29_S4_A01,saved_rule_reused,1,0,0,0
U29,U29_S4,1793347228,U29_S4_A01,rule_submit,22.5,1,0,0
U29,U29_S4,1793347252,U29_S4_A02,rule_submit,18.8,0,1,0
U29,U29_S4,1793347278,U29_S4_A03,rule_submit,20.1,1,0,0
U29,U29_S4,1793347309,U29_S4_A04,saved_rule_reused,1,0,0,0
U29,U29_S4,1793347309,U29_S4_A04,rule_submit,25.3,0,1,0
U29,U29_S4,1793347334,U29_S4_A05,saved_rule_reused,1,0,0,0
U29,U29_S4,1793347334,U29_S4_A05,rule_submit,20.0,1,0,0
U29,U29_S4,1793347359,U29_S4_A06,saved_rule_reused,1,0,0,0
U29,U29_S4,1793347359,U29_S4_A06,rule_submit,19.7,0,0,2
U29,U29_S4,1793347385,U29_S4_A07,saved_rule_reused,1,0,0,0
U29,U29_S4,1793347385,U29_S4_A07,rule_submit,20.2,1,0,0
U29,U29_S4,1793347411,U29_S4_A08,semantic_error,1,0,0,0
U29,U29_S4,1793347411,U29_S4_A08,rule_submit,20.6,1,0,0
U29,U29_S4,1793347437,U29_S4_A09,saved_rule_reused,1,0,0,0
U29,U29_S4,1793347437,U29_S4_A09,rule_submit,20.2,0,1,0
U29,U29_S4,1793347463,U29_S4_A10,rule_submit,20.1,1,0,0
U29,U29_S4,1793347493,U29_S4_A11,rule_submit,25.0,0,0,2
U29,U29_S4,1793347528,U29_S4_A12,rule_submit,29.3,1,0,0
U30,U30_S1,1793412029,U30_S1_A01,saved_rule_reused,1,0,0,0
U30,U30_S1,1793412029,U30_S1_A01,rule_submit,23.7,0,0,2
U30,U30_S1,1793412060,U30_S1_A02,saved_rule_reused,1,0,0,0
U30,U30_S1,1793412060,U30_S1_A02,rule_submit,25.7,0,1,0
U30,U30_S1,1793412099,U30_S1_A03,rule_submit,33.6,0,0,2
U30,U30_S1,1793412133,U30_S1_A04,rule_submit,28.4,0,1,0
U30,U30_S1,1793412166,U30_S1_A05,saved_rule_reused,1,0,0,0
U30,U30_S1,1793412166,U30_S1_A05,rule_submit,27.1,0,1,0
U30,U30_S1,1793412196,U30_S1_A06,saved_rule_reused,1,0,0,0
U30,U30_S1,1793412196,U30_S1_A06,rule_submit,24.1,1,0,0
U30,U30_S1,1793412230,U30_S1_A07,rule_submit,28.4,0,0,0
U30,U30_S1,1793412257,U30_S1_A08,rule_submit,21.9,0,0,2
U30,U30_S1,1793412288,U30_S1_A09,saved_rule_reused,1,0,0,0
U30,U30_S1,1793412288,U30_S1_A09,rule_submit,25.4,0,1,0
U30,U30_S1,1793412326,U30_S1_A10,saved_rule_reused,1,0,0,0
U30,U30_S1,1793412326,U30_S1_A10,rule_submit,32.7,1,0,0
U30,U30_S1,1793412355,U30_S1_A11,saved_rule_reused,1,0,0,0
U30,U30_S1,1793412355,U30_S1_A11,rule_submit,23.3,0,0,2
U30,U30_S1,1793412383,U30_S1_A12,saved_rule_reused,1,0,0,0
U30,U30_S1,1793412383,U30_S1_A12,rule_submit,22.8,0,0,0
U30,U30_S2,1793419231,U30_S2_A01,rule_submit,26.0,0,0,0
U30,U30_S2,1793419264,U30_S2_A02,saved_rule_reused,1,0,0,0
U30,U30_S2,1793419264,U30_S2_A02,rule_submit,27.5,1,0,0
U30,U30_S2,1793419293,U30_S2_A03,rule_submit,23.3,0,0,0
U30,U30_S2,1793419327,U30_S2_A04,rule_submit,28.3,0,0,0
U30,U30_S2,1793419368,U30_S2_A05,saved_rule_reused,1,0,0,0
U30,U30_S2,1793419368,U30_S2_A05,rule_submit,35.5,0,0,2
U30,U30_S2,1793419406,U30_S2_A06,saved_rule_reused,1,0,0,0
U30,U30_S2,1793419406,U30_S2_A06,rule_submit,32.7,0,0,2
U30,U30_S2,1793419432,U30_S2_A07,saved_rule_reused,1,0,0,0
U30,U30_S2,1793419432,U30_S2_A07,rule_submit,20.6,0,1,0
U30,U30_S2,1793419467,U30_S2_A08,rule_submit,30.0,0,1,0
U30,U30_S2,1793419492,U30_S2_A09,rule_submit,19.8,0,1,0
U30,U30_S2,1793419521,U30_S2_A10,saved_rule_reused,1,0,0,0
U30,U30_S2,1793419521,U30_S2_A10,rule_submit,23.3,1,0,0
U30,U30_S2,1793419551,U30_S2_A11,rule_submit,24.6,1,0,0
U30,U30_S2,1793419587,U30_S2_A12,saved_rule_reused,1,0,0,0
U30,U30_S2,1793419587,U30_S2_A12,rule_submit,30.1,0,0,0
U30,U30_S3,1793426432,U30_S3_A01,semantic_error,1,0,0,0
U30,U30_S3,1793426432,U30_S3_A01,rule_submit,26.6,0,1,0
U30,U30_S3,1793426455,U30_S3_A02,rule_submit,18.0,0,0,0
U30,U30_S3,1793426483,U30_S3_A03,rule_submit,22.8,1,0,0
U30,U30_S3,1793426516,U30_S3_A04,saved_rule_reused,1,0,0,0
U30,U30_S3,1793426516,U30_S3_A04,rule_submit,27.1,0,1,0
U30,U30_S3,1793426546,U30_S3_A05,rule_submit,25.0,0,0,0
U30,U30_S3,1793426569,U30_S3_A06,saved_rule_reused,1,0,0,0
U30,U30_S3,1793426569,U30_S3_A06,rule_submit,17.1,0,0,2
U30,U30_S3,1793426609,U30_S3_A07,rule_submit,34.2,0,1,0
U30,U30_S3,1793426641,U30_S3_A08,saved_rule_reused,1,0,0,0
U30,U30_S3,1793426641,U30_S3_A08,rule_submit,26.5,1,0,0
U30,U30_S3,1793426672,U30_S3_A09,saved_rule_reused,1,0,0,0
U30,U30_S3,1793426672,U30_S3_A09,rule_submit,25.1,0,0,2
U30,U30_S3,1793426699,U30_S3_A10,saved_rule_reused,1,0,0,0
U30,U30_S3,1793426699,U30_S3_A10,rule_submit,21.6,0,0,2
U30,U30_S3,1793426723,U30_S3_A11,rule_submit,18.8,1,0,0
U30,U30_S3,1793426751,U30_S3_A12,rule_submit,22.4,0,0,0
U30,U30_S4,1793433628,U30_S4_A01,saved_rule_reused,1,0,0,0
U30,U30_S4,1793433628,U30_S4_A01,rule_submit,23.0,1,0,0
U30,U30_S4,1793433661,U30_S4_A02,rule_submit,27.3,0,0,2
U30,U30_S4,1793433689,U30_S4_A03,rule_submit,22.2,0,0,0
U30,U30_S4,1793433713,U30_S4_A04,saved_rule_reused,1,0,0,0
U30,U30_S4,1793433713,U30_S4_A04,rule_submit,18.2,0,1,0
U30,U30_S4,1793433742,U30_S4_A05,saved_rule_reused,1,0,0,0
U30,U30_S4,1793433742,U30_S4_A05,rule_submit,23.9,0,1,0
U30,U30_S4,1793433778,U30_S4_A06,rule_submit,30.9,1,0,0
U30,U30_S4,1793433808,U30_S4_A07,rule_submit,24.9,1,0,0
U30,U30_S4,1793433837,U30_S4_A08,saved_rule_reused,1,0,0,0
U30,U30_S4,1793433837,U30_S4_A08,rule_submit,23.9,0,0,0
U30,U30_S4,1793433861,U30_S4_A09,rule_submit,18.4,1,0,0
U30,U30_S4,1793433883,U30_S4_A10,saved_rule_reused,1,0,0,0
U30,U30_S4,1793433883,U30_S4_A10,rule_submit,16.7,0,0,2
U30,U30_S4,1793433910,U30_S4_A11,saved_rule_reused,1,0,0,0
U30,U30_S4,1793433910,U30_S4_A11,rule_submit,21.9,1,0,0
U30,U30_S4,1793433948,U30_S4_A12,saved_rule_reused,1,0,0,0
U30,U30_S4,1793433948,U30_S4_A12,rule_submit,32.6,0,0,2
U31,U31_S1,1793498430,U31_S1_A01,saved_rule_reused,1,0,0,0
U31,U31_S1,1793498430,U31_S1_A01,rule_submit,24.9,1,0,0
U31,U31_S1,1793498464,U31_S1_A02,saved_rule_reused,1,0,0,0
U31,U31_S1,1793498464,U31_S1_A02,rule_submit,28.6,1,0,0
U31,U31_S1,1793498490,U31_S1_A03,saved_rule_reused,1,0,0,0
U31,U31_S1,1793498490,U31_S1_A03,rule_submit,20.4,0,0,0
U31,U31_S1,1793498525,U31_S1_A04,saved_rule_reused,1,0,0,0
U31,U31_S1,1793498525,U31_S1_A04,rule_submit,29.7,0,1,0
U31,U31_S1,1793498557,U31_S1_A05,saved_rule_reused,1,0,0,0
U31,U31_S1,1793498557,U31_S1_A05,rule_submit,26.3,0,1,0
U31,U31_S1,1793498592,U31_S1_A06,saved_rule_reused,1,0,0,0
U31,U31_S1,1793498592,U31_S1_A06,rule_submit,29.3,0,0,0
U31,U31_S1,1793498628,U31_S1_A07,saved_rule_reused,1,0,0,0
U31,U31_S1,1793498628,U31_S1_A07,rule_submit,30.7,0,1,0
U31,U31_S1,1793498662,U31_S1_A08,saved_rule_reused,1,0,0,0
U31,U31_S1,1793498662,U31_S1_A08,rule_submit,28.2,0,0,2
U31,U31_S1,1793498694,U31_S1_A09,saved_rule_reused,1,0,0,0
U31,U31_S1,1793498694,U31_S1_A09,rule_submit,26.5,0,1,0
U31,U31_S1,1793498727,U31_S1_A10,syntax_error,1,0,0,0
U31,U31_S1,1793498727,U31_S1_A10,saved_rule_reused,1,0,0,0
U31,U31_S1,1793498727,U31_S1_A10,rule_submit,27.5,0,1,0
U31,U31_S1,1793498759,U31_S1_A11,saved_rule_reused,1,0,0,0
U31,U31_S1,1793498759,U31_S1_A11,rule_submit,26.8,0,0,0
U31,U31_S1,1793498792,U31_S1_A12,saved_rule_reused,1,0,0,0
U31,U31_S1,1793498792,U31_S1_A12,rule_submit,27.3,0,1,0
U31,U31_S2,1793505622,U31_S2_A01,saved_rule_reused,1,0,0,0
U31,U31_S2,1793505622,U31_S2_A01,rule_submit,16.2,0,0,0
U31,U31_S2,1793505656,U31_S2_A02,syntax_error,1,0,0,0
U31,U31_S2,1793505656,U31_S2_A02,saved_rule_reused,1,0,0,0
U31,U31_S2,1793505656,U31_S2_A02,rule_submit,28.1,0,0,2
U31,U31_S2,1793505685,U31_S2_A03,saved_rule_reused,1,0,0,0
U31,U31_S2,1793505685,U31_S2_A03,rule_submit,23.1,1,0,0
U31,U31_S2,1793505724,U31_S2_A04,saved_rule_reused,1,0,0,0
U31,U31_S2,1793505724,U31_S2_A04,rule_submit,33.4,0,1,0
U31,U31_S2,1793505761,U31_S2_A05,saved_rule_reused,1,0,0,0
U31,U31_S2,1793505761,U31_S2_A05,rule_submit,31.9,0,0,0
U31,U31_S2,1793505796,U31_S2_A06,saved_rule_reused,1,0,0,0
U31,U31_S2,1793505796,U31_S2_A06,rule_submit,29.4,1,0,0
U31,U31_S2,1793505828,U31_S2_A07,saved_rule_reused,1,0,0,0
U31,U31_S2,1793505828,U31_S2_A07,rule_submit,26.6,1,0,0
U31,U31_S2,1793505863,U31_S2_A08,rule_submit,29.9,0,0,0
U31,U31_S2,1793505896,U31_S2_A09,saved_rule_reused,1,0,0,0
U31,U31_S2,1793505896,U31_S2_A09,rule_submit,27.5,0,0,2
U31,U31_S2,1793505921,U31_S2_A10,saved_rule_reused,1,0,0,0
U31,U31_S2,1793505921,U31_S2_A10,rule_submit,19.1,0,0,0
U31,U31_S2,1793505951,U31_S2_A11,saved_rule_reused,1,0,0,0
U31,U31_S2,1793505951,U31_S2_A11,rule_submit,24.8,0,0,0
U31,U31_S2,1793505986,U31_S2_A12,saved_rule_reused,1,0,0,0
U31,U31_S2,1793505986,U31_S2_A12,rule_submit,29.1,0,0,0
U31,U31_S3,1793512840,U31_S3_A01,saved_rule_reused,1,0,0,0
U31,U31_S3,1793512840,U31_S3_A01,rule_submit,34.2,0,0,2
U31,U31_S3,1793512874,U31_S3_A02,saved_rule_reused,1,0,0,0
U31,U31_S3,1793512874,U31_S3_A02,rule_submit,28.1,0,0,0
U31,U31_S3,1793512904,U31_S3_A03,saved_rule_reused,1,0,0,0
U31,U31_S3,1793512904,U31_S3_A03,rule_submit,24.4,0,0,0
U31,U31_S3,1793512936,U31_S3_A04,saved_rule_reused,1,0,0,0
U31,U31_S3,1793512936,U31_S3_A04,rule_submit,26.2,0,0,2
U31,U31_S3,1793512963,U31_S3_A05,syntax_error,1,0,0,0
U31,U31_S3,1793512963,U31_S3_A05,saved_rule_reused,1,0,0,0
U31,U31_S3,1793512963,U31_S3_A05,rule_submit,21.5,0,0,2
U31,U31_S3,1793513000,U31_S3_A06,syntax_error,1,0,0,0
U31,U31_S3,1793513000,U31_S3_A06,saved_rule_reused,1,0,0,0
U31,U31_S3,1793513000,U31_S3_A06,rule_submit,31.6,1,0,0
U31,U31_S3,1793513032,U31_S3_A07,saved_rule_reused,1,0,0,0
U31,U31_S3,1793513032,U31_S3_A07,rule_submit,26.8,0,1,0
U31,U31_S3,1793513055,U31_S3_A08,saved_rule_reused,1,0,0,0
U31,U31_S3,1793513055,U31_S3_A08,rule_submit,17.9,0,0,2
U31,U31_S3,1793513087,U31_S3_A09,saved_rule_reused,1,0,0,0
U31,U31_S3,1793513087,U31_S3_A09,rule_submit,26.8,1,0,0
U31,U31_S3,1793513118,U31_S3_A10,saved_rule_reused,1,0,0,0
U31,U31_S3,1793513118,U31_S3_A10,rule_submit,25.7,1,0,0
U31,U31_S3,1793513153,U31_S3_A11,saved_rule_reused,1,0,0,0
U31,U31_S3,1793513153,U31_S3_A11,rule_submit,29.1,1,0,0
U31,U31_S3,1793513179,U31_S3_A12,saved_rule_reused,1,0,0,0
U31,U31_S3,1793513179,U31_S3_A12,rule_submit,20.3,1,0,0
U31,U31_S4,1793520035,U31_S4_A01,saved_rule_reused,1,0,0,0
U31,U31_S4,1793520035,U31_S4_A01,rule_submit,29.2,0,0,0
U31,U31_S4,1793520069,U31_S4_A02,saved_rule_reused,1,0,0,0
U31,U31_S4,1793520069,U31_S4_A02,rule_submit,29.0,0,0,2
U31,U31_S4,1793520094,U31_S4_A03,saved_rule_reused,1,0,0,0
U31,U31_S4,1793520094,U31_S4_A03,rule_submit,19.6,0,0,0
U31,U31_S4,1793520130,U31_S4_A04,saved_rule_reused,1,0,0,0
U31,U31_S4,1793520130,U31_S4_A04,rule_submit,30.4,0,0,0
U31,U31_S4,1793520166,U31_S4_A05,saved_rule_reused,1,0,0,0
U31,U31_S4,1793520166,U31_S4_A05,rule_submit,30.3,0,0,2
U31,U31_S4,1793520199,U31_S4_A06,saved_rule_reused,1,0,0,0
U31,U31_S4,1793520199,U31_S4_A06,rule_submit,27.4,0,0,2
U31,U31_S4,1793520233,U31_S4_A07,saved_rule_reused,1,0,0,0
U31,U31_S4,1793520233,U31_S4_A07,rule_submit,28.4,0,0,0
U31,U31_S4,1793520267,U31_S4_A08,saved_rule_reused,1,0,0,0
U31,U31_S4,1793520267,U31_S4_A08,rule_submit,28.4,0,1,0
U31,U31_S4,1793520300,U31_S4_A09,saved_rule_reused,1,0,0,0
U31,U31_S4,1793520300,U31_S4_A09,rule_submit,27.2,0,0,2
U31,U31_S4,1793520334,U31_S4_A10,saved_rule_reused,1,0,0,0
U31,U31_S4,1793520334,U31_S4_A10,rule_submit,28.2,1,0,0
U31,U31_S4,1793520362,U31_S4_A11,saved_rule_reused,1,0,0,0
U31,U31_S4,1793520362,U31_S4_A11,rule_submit,22.9,0,0,2
U31,U31_S4,1793520386,U31_S4_A12,saved_rule_reused,1,0,0,0
U31,U31_S4,1793520386,U31_S4_A12,rule_submit,18.9,0,0,0
U32,U32_S1,1793584832,U32_S1_A01,saved_rule_reused,1,0,0,0
U32,U32_S1,1793584832,U32_S1_A01,rule_submit,26.1,0,0,2
U32,U32_S1,1793584868,U32_S1_A02,saved_rule_reused,1,0,0,0
U32,U32_S1,1793584868,U32_S1_A02,rule_submit,30.9,0,0,0
U32,U32_S1,1793584897,U32_S1_A03,rule_submit,23.7,0,0,2
U32,U32_S1,1793584931,U32_S1_A04,saved_rule_reused,1,0,0,0
U32,U32_S1,1793584931,U32_S1_A04,rule_submit,28.6,0,1,0
U32,U32_S1,1793584965,U32_S1_A05,saved_rule_reused,1,0,0,0
U32,U32_S1,1793584965,U32_S1_A05,rule_submit,28.7,0,0,2
U32,U32_S1,1793584998,U32_S1_A06,saved_rule_reused,1,0,0,0
U32,U32_S1,1793584998,U32_S1_A06,rule_submit,27.8,0,1,0
U32,U32_S1,1793585036,U32_S1_A07,saved_rule_reused,1,0,0,0
U32,U32_S1,1793585036,U32_S1_A07,rule_submit,32.7,0,0,2
U32,U32_S1,1793585064,U32_S1_A08,saved_rule_reused,1,0,0,0
U32,U32_S1,1793585064,U32_S1_A08,rule_submit,22.7,0,0,2
U32,U32_S1,1793585097,U32_S1_A09,syntax_error,1,0,0,0
U32,U32_S1,1793585097,U32_S1_A09,saved_rule_reused,1,0,0,0
U32,U32_S1,1793585097,U32_S1_A09,rule_submit,28.0,0,0,0
U32,U32_S1,1793585135,U32_S1_A10,saved_rule_reused,1,0,0,0
U32,U32_S1,1793585135,U32_S1_A10,rule_submit,32.2,0,0,0
U32,U32_S1,1793585173,U32_S1_A11,saved_rule_reused,1,0,0,0
U32,U32_S1,1793585173,U32_S1_A11,rule_submit,32.5,0,0,0
U32,U32_S1,1793585206,U32_S1_A12,saved_rule_reused,1,0,0,0
U32,U32_S1,1793585206,U32_S1_A12,rule_submit,27.5,0,1,0
U32,U32_S2,1793592035,U32_S2_A01,saved_rule_reused,1,0,0,0
U32,U32_S2,1793592035,U32_S2_A01,rule_submit,29.2,1,0,0
U32,U32_S2,1793592072,U32_S2_A02,saved_rule_reused,1,0,0,0
U32,U32_S2,1793592072,U32_S2_A02,rule_submit,31.1,0,0,0
U32,U32_S2,1793592105,U32_S2_A03,saved_rule_reused,1,0,0,0
U32,U32_S2,1793592105,U32_S2_A03,rule_submit,27.8,0,1,0
U32,U32_S2,1793592134,U32_S2_A04,saved_rule_reused,1,0,0,0
U32,U32_S2,1793592134,U32_S2_A04,rule_submit,23.2,0,0,0
U32,U32_S2,1793592172,U32_S2_A05,saved_rule_reused,1,0,0,0
U32,U32_S2,1793592172,U32_S2_A05,rule_submit,32.4,0,1,0
U32,U32_S2,1793592199,U32_S2_A06,saved_rule_reused,1,0,0,0
U32,U32_S2,1793592199,U32_S2_A06,rule_submit,22.0,0,0,0
U32,U32_S2,1793592242,U32_S2_A07,saved_rule_reused,1,0,0,0
U32,U32_S2,1793592242,U32_S2_A07,rule_submit,37.9,0,0,0
U32,U32_S2,1793592266,U32_S2_A08,rule_submit,19.0,1,0,0
U32,U32_S2,1793592305,U32_S2_A09,saved_rule_reused,1,0,0,0
U32,U32_S2,1793592305,U32_S2_A09,rule_submit,33.1,0,1,0
U32,U32_S2,1793592341,U32_S2_A10,saved_rule_reused,1,0,0,0
U32,U32_S2,1793592341,U32_S2_A10,rule_submit,30.5,0,1,0
U32,U32_S2,1793592374,U32_S2_A11,saved_rule_reused,1,0,0,0
U32,U32_S2,1793592374,U32_S2_A11,rule_submit,27.1,0,0,2
U32,U32_S2,1793592406,U32_S2_A12,saved_rule_reused,1,0,0,0
U32,U32_S2,1793592406,U32_S2_A12,rule_submit,26.9,0,0,0
U32,U32_S3,1793599220,U32_S3_A01,saved_rule_reused,1,0,0,0
U32,U32_S3,1793599220,U32_S3_A01,rule_submit,15.0,0,0,2
U32,U32_S3,1793599250,U32_S3_A02,saved_rule_reused,1,0,0,0
U32,U32_S3,1793599250,U32_S3_A02,rule_submit,24.6,0,0,0
U32,U32_S3,1793599283,U32_S3_A03,saved_rule_reused,1,0,0,0
U32,U32_S3,1793599283,U32_S3_A03,rule_submit,27.4,0,0,0
U32,U32_S3,1793599321,U32_S3_A04,saved_rule_reused,1,0,0,0
U32,U32_S3,1793599321,U32_S3_A04,rule_submit,32.7,0,1,0
U32,U32_S3,1793599348,U32_S3_A05,saved_rule_reused,1,0,0,0
U32,U32_S3,1793599348,U32_S3_A05,rule_submit,21.5,1,0,0
U32,U32_S3,1793599376,U32_S3_A06,saved_rule_reused,1,0,0,0
U32,U32_S3,1793599376,U32_S3_A06,rule_submit,22.9,0,1,0
U32,U32_S3,1793599403,U32_S3_A07,rule_submit,21.2,0,0,0
U32,U32_S3,1793599432,U32_S3_A08,saved_rule_reused,1,0,0,0
U32,U32_S3,1793599432,U32_S3_A08,rule_submit,23.6,0,1,0
U32,U32_S3,1793599465,U32_S3_A09,saved_rule_reused,1,0,0,0
U32,U32_S3,1793599465,U32_S3_A09,rule_submit,27.7,0,0,0
U32,U32_S3,1793599491,U32_S3_A10,saved_rule_reused,1,0,0,0
U32,U32_S3,1793599491,U32_S3_A10,rule_submit,20.9,1,0,0
U32,U32_S3,1793599524,U32_S3_A11,rule_submit,27.5,0,0,0
U32,U32_S3,1793599562,U32_S3_A12,saved_rule_reused,1,0,0,0
U32,U32_S3,1793599562,U32_S3_A12,rule_submit,32.5,0,0,2
U32,U32_S4,1793606437,U32_S4_A01,saved_rule_reused,1,0,0,0
U32,U32_S4,1793606437,U32_S4_A01,rule_submit,32.0,1,0,0
U32,U32_S4,1793606471,U32_S4_A02,saved_rule_reused,1,0,0,0
U32,U32_S4,1793606471,U32_S4_A02,rule_submit,28.4,1,0,0
U32,U32_S4,1793606501,U32_S4_A03,saved_rule_reused,1,0,0,0
U32,U32_S4,1793606501,U32_S4_A03,rule_submit,25.0,0,0,2
U32,U32_S4,1793606537,U32_S4_A04,rule_submit,31.0,1,0,0
U32,U32_S4,1793606567,U32_S4_A05,saved_rule_reused,1,0,0,0
U32,U32_S4,1793606567,U32_S4_A05,rule_submit,24.9,0,0,0
U32,U32_S4,1793606590,U32_S4_A06,saved_rule_reused,1,0,0,0
U32,U32_S4,1793606590,U32_S4_A06,rule_submit,17.3,1,0,0
U32,U32_S4,1793606619,U32_S4_A07,saved_rule_reused,1,0,0,0
U32,U32_S4,1793606619,U32_S4_A07,rule_submit,23.9,0,0,2
U32,U32_S4,1793606648,U32_S4_A08,saved_rule_reused,1,0,0,0
U32,U32_S4,1793606648,U32_S4_A08,rule_submit,23.6,1,0,0
U32,U32_S4,1793606683,U32_S4_A09,saved_rule_reused,1,0,0,0
U32,U32_S4,1793606683,U32_S4_A09,rule_submit,29.8,0,0,0
U32,U32_S4,1793606706,U32_S4_A10,saved_rule_reused,1,0,0,0
U32,U32_S4,1793606706,U32_S4_A10,rule_submit,17.4,0,0,0
U32,U32_S4,1793606725,U32_S4_A11,saved_rule_reused,1,0,0,0
U32,U32_S4,1793606725,U32_S4_A11,rule_submit,13.3,0,0,0
U32,U32_S4,1793606756,U32_S4_A12,saved_rule_reused,1,0,0,0
U32,U32_S4,1793606756,U32_S4_A12,rule_submit,25.1,0,0,0
U33,U33_S1,1793671226,U33_S1_A01,saved_rule_reused,1,0,0,0
U33,U33_S1,1793671226,U33_S1_A01,rule_submit,20.5,0,1,0
U33,U33_S1,1793671252,U33_S1_A02,saved_rule_reused,1,0,0,0
U33,U33_S1,1793671252,U33_S1_A02,rule_submit,21.0,0,0,0
U33,U33_S1,1793671283,U33_S1_A03,saved_rule_reused,1,0,0,0
U33,U33_S1,1793671283,U33_S1_A03,rule_submit,25.8,0,0,0
U33,U33_S1,1793671310,U33_S1_A04,saved_rule_reused,1,0,0,0
U33,U33_S1,1793671310,U33_S1_A04,rule_submit,22.0,1,0,0
U33,U33_S1,1793671340,U33_S1_A05,saved_rule_reused,1,0,0,0
U33,U33_S1,1793671340,U33_S1_A05,rule_submit,24.2,0,0,0
U33,U33_S1,1793671368,U33_S1_A06,saved_rule_reused,1,0,0,0
U33,U33_S1,1793671368,U33_S1_A06,rule_submit,22.1,1,0,0
U33,U33_S1,1793671394,U33_S1_A07,saved_rule_reused,1,0,0,0
U33,U33_S1,1793671394,U33_S1_A07,rule_submit,20.8,1,0,0
U33,U33_S1,1793671417,U33_S1_A08,saved_rule_reused,1,0,0,0
U33,U33_S1,1793671417,U33_S1_A08,rule_submit,17.1,0,0,0
U33,U33_S1,1793671440,U33_S1_A09,saved_rule_reused,1,0,0,0
U33,U33_S1,1793671440,U33_S1_A09,rule_submit,18.0,1,0,0
U33,U33_S1,1793671466,U33_S1_A10,saved_rule_reused,1,0,0,0
U33,U33_S1,1793671466,U33_S1_A10,rule_submit,21.0,0,0,2
U33,U33_S1,1793671493,U33_S1_A11,saved_rule_reused,1,0,0,0
U33,U33_S1,1793671493,U33_S1_A11,rule_submit,21.5,1,0,0
U33,U33_S1,1793671516,U33_S1_A12,saved_rule_reused,1,0,0,0
U33,U33_S1,1793671516,U33_S1_A12,rule_submit,17.8,0,0,2
U33,U33_S2,1793678422,U33_S2_A01,saved_rule_reused,1,0,0,0
U33,U33_S2,1793678422,U33_S2_A01,rule_submit,16.2,1,0,0
U33,U33_S2,1793678453,U33_S2_A02,syntax_error,1,0,0,0
U33,U33_S2,1793678453,U33_S2_A02,saved_rule_reused,1,0,0,0
U33,U33_S2,1793678453,U33_S2_A02,rule_submit,25.4,1,0,0
U33,U33_S2,1793678477,U33_S2_A03,saved_rule_reused,1,0,0,0
U33,U33_S2,1793678477,U33_S2_A03,rule_submit,18.3,0,1,0
U33,U33_S2,1793678497,U33_S2_A04,saved_rule_reused,1,0,0,0
U33,U33_S2,1793678497,U33_S2_A04,rule_submit,14.9,0,0,0
U33,U33_S2,1793678522,U33_S2_A05,saved_rule_reused,1,0,0,0
U33,U33_S2,1793678522,U33_S2_A05,rule_submit,20.0,0,0,0
U33,U33_S2,1793678544,U33_S2_A06,saved_rule_reused,1,0,0,0
U33,U33_S2,1793678544,U33_S2_A06,rule_submit,16.7,0,1,0
U33,U33_S2,1793678567,U33_S2_A07,saved_rule_reused,1,0,0,0
U33,U33_S2,1793678567,U33_S2_A07,rule_submit,17.6,0,0,2
U33,U33_S2,1793678591,U33_S2_A08,saved_rule_reused,1,0,0,0
U33,U33_S2,1793678591,U33_S2_A08,rule_submit,18.4,0,0,0
U33,U33_S2,1793678612,U33_S2_A09,saved_rule_reused,1,0,0,0
U33,U33_S2,1793678612,U33_S2_A09,rule_submit,15.9,0,0,0
U33,U33_S2,1793678639,U33_S2_A10,saved_rule_reused,1,0,0,0
U33,U33_S2,1793678639,U33_S2_A10,rule_submit,21.4,0,0,2
U33,U33_S2,1793678664,U33_S2_A11,saved_rule_reused,1,0,0,0
U33,U33_S2,1793678664,U33_S2_A11,rule_submit,19.6,0,0,0
U33,U33_S2,1793678685,U33_S2_A12,saved_rule_reused,1,0,0,0
U33,U33_S2,1793678685,U33_S2_A12,rule_submit,15.3,1,0,0
U33,U33_S3,1793685626,U33_S3_A01,saved_rule_reused,1,0,0,0
U33,U33_S3,1793685626,U33_S3_A01,rule_submit,20.7,0,0,2
U33,U33_S3,1793685647,U33_S3_A02,saved_rule_reused,1,0,0,0
U33,U33_S3,1793685647,U33_S3_A02,rule_submit,15.4,0,1,0
U33,U33_S3,1793685670,U33_S3_A03,saved_rule_reused,1,0,0,0
U33,U33_S3,1793685670,U33_S3_A03,rule_submit,17.4,0,0,0
U33,U33_S3,1793685687,U33_S3_A04,saved_rule_reused,1,0,0,0
U33,U33_S3,1793685687,U33_S3_A04,rule_submit,11.7,1,0,0
U33,U33_S3,1793685711,U33_S3_A05,saved_rule_reused,1,0,0,0
U33,U33_S3,1793685711,U33_S3_A05,rule_submit,18.4,0,0,2
U33,U33_S3,1793685732,U33_S3_A06,saved_rule_reused,1,0,0,0
U33,U33_S3,1793685732,U33_S3_A06,rule_submit,15.5,1,0,0
U33,U33_S3,1793685752,U33_S3_A07,saved_rule_reused,1,0,0,0
U33,U33_S3,1793685752,U33_S3_A07,rule_submit,15.0,0,0,0
U33,U33_S3,1793685777,U33_S3_A08,saved_rule_reused,1,0,0,0
U33,U33_S3,1793685777,U33_S3_A08,rule_submit,19.4,0,0,0
U33,U33_S3,1793685800,U33_S3_A09,saved_rule_reused,1,0,0,0
U33,U33_S3,1793685800,U33_S3_A09,rule_submit,17.9,0,0,0
U33,U33_S3,1793685821,U33_S3_A10,saved_rule_reused,1,0,0,0
U33,U33_S3,1793685821,U33_S3_A10,rule_submit,15.9,0,1,0
U33,U33_S3,1793685849,U33_S3_A11,saved_rule_reused,1,0,0,0
U33,U33_S3,1793685849,U33_S3_A11,rule_submit,23.0,1,0,0
U33,U33_S3,1793685867,U33_S3_A12,saved_rule_reused,1,0,0,0
U33,U33_S3,1793685867,U33_S3_A12,rule_submit,12.7,1,0,0
U33,U33_S4,1793692827,U33_S4_A01,syntax_error,1,0,0,0
U33,U33_S4,1793692827,U33_S4_A01,saved_rule_reused,1,0,0,0
U33,U33_S4,1793692827,U33_S4_A01,rule_submit,22.0,0,0,0
U33,U33_S4,1793692850,U33_S4_A02,saved_rule_reused,1,0,0,0
U33,U33_S4,1793692850,U33_S4_A02,rule_submit,17.8,0,1,0
U33,U33_S4,1793692871,U33_S4_A03,semantic_error,1,0,0,0
U33,U33_S4,1793692871,U33_S4_A03,saved_rule_reused,1,0,0,0
U33,U33_S4,1793692871,U33_S4_A03,rule_submit,15.4,0,0,0
U33,U33_S4,1793692896,U33_S4_A04,semantic_error,1,0,0,0
U33,U33_S4,1793692896,U33_S4_A04,rule_submit,19.7,0,0,0
U33,U33_S4,1793692921,U33_S4_A05,saved_rule_reused,1,0,0,0
U33,U33_S4,1793692921,U33_S4_A05,rule_submit,19.8,0,0,2
U33,U33_S4,1793692945,U33_S4_A06,saved_rule_reused,1,0,0,0
U33,U33_S4,1793692945,U33_S4_A06,rule_submit,18.1,0,1,0
U33,U33_S4,1793692969,U33_S4_A07,semantic_error,1,0,0,0
U33,U33_S4,1793692969,U33_S4_A07,saved_rule_reused,1,0,0,0
U33,U33_S4,1793692969,U33_S4_A07,rule_submit,18.2,1,0,0
U33,U33_S4,1793692990,U33_S4_A08,syntax_error,1,0,0,0
U33,U33_S4,1793692990,U33_S4_A08,rule_submit,15.3,0,0,0
U33,U33_S4,1793693016,U33_S4_A09,saved_rule_reused,1,0,0,0
U33,U33_S4,1793693016,U33_S4_A09,rule_submit,20.8,1,0,0
U33,U33_S4,1793693035,U33_S4_A10,saved_rule_reused,1,0,0,0
U33,U33_S4,1793693035,U33_S4_A10,rule_submit,13.9,0,0,0
U33,U33_S4,1793693063,U33_S4_A11,saved_rule_reused,1,0,0,0
U33,U33_S4,1793693063,U33_S4_A11,rule_submit,22.1,1,0,0
U33,U33_S4,1793693088,U33_S4_A12,saved_rule_reused,1,0,0,0
U33,U33_S4,1793693088,U33_S4_A12,rule_submit,19.5,0,0,0
U34,U34_S1,1793757625,U34_S1_A01,saved_rule_reused,1,0,0,0
U34,U34_S1,1793757625,U34_S1_A01,rule_submit,20.0,0,0,2
U34,U34_S1,1793757644,U34_S1_A02,saved_rule_reused,1,0,0,0
U34,U34_S1,1793757644,U34_S1_A02,rule_submit,13.9,0,0,0
U34,U34_S1,1793757667,U34_S1_A03,semantic_error,1,0,0,0
U34,U34_S1,1793757667,U34_S1_A03,saved_rule_reused,1,0,0,0
U34,U34_S1,1793757667,U34_S1_A03,rule_submit,17.1,0,0,2
U34,U34_S1,1793757690,U34_S1_A04,saved_rule_reused,1,0,0,0
U34,U34_S1,1793757690,U34_S1_A04,rule_submit,17.5,1,0,0
U34,U34_S1,1793757719,U34_S1_A05,saved_rule_reused,1,0,0,0
U34,U34_S1,1793757719,U34_S1_A05,rule_submit,23.5,1,0,0
U34,U34_S1,1793757748,U34_S1_A06,saved_rule_reused,1,0,0,0
U34,U34_S1,1793757748,U34_S1_A06,rule_submit,23.5,1,0,0
U34,U34_S1,1793757781,U34_S1_A07,saved_rule_reused,1,0,0,0
U34,U34_S1,1793757781,U34_S1_A07,rule_submit,27.4,1,0,0
U34,U34_S1,1793757806,U34_S1_A08,saved_rule_reused,1,0,0,0
U34,U34_S1,1793757806,U34_S1_A08,rule_submit,19.9,0,1,0
U34,U34_S1,1793757836,U34_S1_A09,saved_rule_reused,1,0,0,0
U34,U34_S1,1793757836,U34_S1_A09,rule_submit,24.6,0,0,0
U34,U34_S1,1793757863,U34_S1_A10,saved_rule_reused,1,0,0,0
U34,U34_S1,1793757863,U34_S1_A10,rule_submit,21.7,0,0,2
U34,U34_S1,1793757893,U34_S1_A11,saved_rule_reused,1,0,0,0
U34,U34_S1,1793757893,U34_S1_A11,rule_submit,24.6,0,0,2
U34,U34_S1,1793757920,U34_S1_A12,saved_rule_reused,1,0,0,0
U34,U34_S1,1793757920,U34_S1_A12,rule_submit,22.0,1,0,0
U34,U34_S2,1793764831,U34_S2_A01,saved_rule_reused,1,0,0,0
U34,U34_S2,1793764831,U34_S2_A01,rule_submit,25.2,0,0,0
U34,U34_S2,1793764852,U34_S2_A02,rule_submit,15.8,0,0,2
U34,U34_S2,1793764884,U34_S2_A03,syntax_error,1,0,0,0
U34,U34_S2,1793764884,U34_S2_A03,rule_submit,26.9,0,1,0
U34,U34_S2,1793764915,U34_S2_A04,rule_submit,25.3,0,0,0
U34,U34_S2,1793764948,U34_S2_A05,saved_rule_reused,1,0,0,0
U34,U34_S2,1793764948,U34_S2_A05,rule_submit,27.3,0,0,0
U34,U34_S2,1793764976,U34_S2_A06,saved_rule_reused,1,0,0,0
U34,U34_S2,1793764976,U34_S2_A06,rule_submit,22.3,0,0,2
U34,U34_S2,1793765006,U34_S2_A07,saved_rule_reused,1,0,0,0
U34,U34_S2,1793765006,U34_S2_A07,rule_submit,24.5,0,0,0
U34,U34_S2,1793765032,U34_S2_A08,saved_rule_reused,1,0,0,0
U34,U34_S2,1793765032,U34_S2_A08,rule_submit,20.7,0,1,0
U34,U34_S2,1793765063,U34_S2_A09,saved_rule_reused,1,0,0,0
U34,U34_S2,1793765063,U34_S2_A09,rule_submit,25.5,1,0,0
U34,U34_S2,1793765089,U34_S2_A10,rule_submit,20.5,0,1,0
U34,U34_S2,1793765118,U34_S2_A11,saved_rule_reused,1,0,0,0
U34,U34_S2,1793765118,U34_S2_A11,rule_submit,23.6,0,0,2
U34,U34_S2,1793765150,U34_S2_A12,saved_rule_reused,1,0,0,0
U34,U34_S2,1793765150,U34_S2_A12,rule_submit,26.1,0,0,2
U34,U34_S3,1793772023,U34_S3_A01,saved_rule_reused,1,0,0,0
U34,U34_S3,1793772023,U34_S3_A01,rule_submit,17.3,1,0,0
U34,U34_S3,1793772053,U34_S3_A02,saved_rule_reused,1,0,0,0
U34,U34_S3,1793772053,U34_S3_A02,rule_submit,24.2,0,0,0
U34,U34_S3,1793772080,U34_S3_A03,syntax_error,1,0,0,0
U34,U34_S3,1793772080,U34_S3_A03,saved_rule_reused,1,0,0,0
U34,U34_S3,1793772080,U34_S3_A03,rule_submit,21.9,0,0,2
U34,U34_S3,1793772109,U34_S3_A04,saved_rule_reused,1,0,0,0
U34,U34_S3,1793772109,U34_S3_A04,rule_submit,23.2,0,0,2
U34,U34_S3,1793772140,U34_S3_A05,saved_rule_reused,1,0,0,0
U34,U34_S3,1793772140,U34_S3_A05,rule_submit,25.2,0,0,0
U34,U34_S3,1793772163,U34_S3_A06,saved_rule_reused,1,0,0,0
U34,U34_S3,1793772163,U34_S3_A06,rule_submit,17.6,0,1,0
U34,U34_S3,1793772193,U34_S3_A07,saved_rule_reused,1,0,0,0
U34,U34_S3,1793772193,U34_S3_A07,rule_submit,24.8,0,0,2
U34,U34_S3,1793772222,U34_S3_A08,saved_rule_reused,1,0,0,0
U34,U34_S3,1793772222,U34_S3_A08,rule_submit,24.0,0,0,0
U34,U34_S3,1793772245,U34_S3_A09,rule_submit,17.3,0,0,0
U34,U34_S3,1793772275,U34_S3_A10,saved_rule_reused,1,0,0,0
U34,U34_S3,1793772275,U34_S3_A10,rule_submit,24.3,0,0,2
U34,U34_S3,1793772301,U34_S3_A11,rule_submit,20.5,0,0,0
U34,U34_S3,1793772331,U34_S3_A12,saved_rule_reused,1,0,0,0
U34,U34_S3,1793772331,U34_S3_A12,rule_submit,24.5,0,0,0
U34,U34_S4,1793779226,U34_S4_A01,saved_rule_reused,1,0,0,0
U34,U34_S4,1793779226,U34_S4_A01,rule_submit,20.8,1,0,0
U34,U34_S4,1793779248,U34_S4_A02,saved_rule_reused,1,0,0,0
U34,U34_S4,1793779248,U34_S4_A02,rule_submit,16.6,0,0,0
U34,U34_S4,1793779278,U34_S4_A03,saved_rule_reused,1,0,0,0
U34,U34_S4,1793779278,U34_S4_A03,rule_submit,24.7,0,1,0
U34,U34_S4,1793779308,U34_S4_A04,saved_rule_reused,1,0,0,0
U34,U34_S4,1793779308,U34_S4_A04,rule_submit,24.4,0,0,0
U34,U34_S4,1793779330,U34_S4_A05,saved_rule_reused,1,0,0,0
U34,U34_S4,1793779330,U34_S4_A05,rule_submit,17.0,0,0,0
U34,U34_S4,1793779357,U34_S4_A06,rule_submit,21.9,1,0,0
U34,U34_S4,1793779382,U34_S4_A07,saved_rule_reused,1,0,0,0
U34,U34_S4,1793779382,U34_S4_A07,rule_submit,19.4,0,0,0
U34,U34_S4,1793779410,U34_S4_A08,saved_rule_reused,1,0,0,0
U34,U34_S4,1793779410,U34_S4_A08,rule_submit,22.1,1,0,0
U34,U34_S4,1793779440,U34_S4_A09,saved_rule_reused,1,0,0,0
U34,U34_S4,1793779440,U34_S4_A09,rule_submit,24.9,0,1,0
U34,U34_S4,1793779462,U34_S4_A10,rule_submit,16.9,0,1,0
U34,U34_S4,1793779485,U34_S4_A11,rule_submit,18.0,0,1,0
U34,U34_S4,1793779512,U34_S4_A12,saved_rule_reused,1,0,0,0
U34,U34_S4,1793779512,U34_S4_A12,rule_submit,21.7,1,0,0
U35,U35_S1,1793844043,U35_S1_A01,saved_rule_reused,1,0,0,0
U35,U35_S1,1793844043,U35_S1_A01,rule_submit,37.7,1,0,0
U35,U35_S1,1793844078,U35_S1_A02,syntax_error,1,0,0,0
U35,U35_S1,1793844078,U35_S1_A02,saved_rule_reused,1,0,0,0
U35,U35_S1,1793844078,U35_S1_A02,rule_submit,29.1,0,0,0
U35,U35_S1,1793844100,U35_S1_A03,saved_rule_reused,1,0,0,0
U35,U35_S1,1793844100,U35_S1_A03,rule_submit,16.8,1,0,0
U35,U35_S1,1793844129,U35_S1_A04,saved_rule_reused,1,0,0,0
U35,U35_S1,1793844129,U35_S1_A04,rule_submit,23.9,0,0,0
U35,U35_S1,1793844167,U35_S1_A05,rule_submit,32.7,0,0,2
U35,U35_S1,1793844199,U35_S1_A06,saved_rule_reused,1,0,0,0
U35,U35_S1,1793844199,U35_S1_A06,rule_submit,27.0,0,1,0
U35,U35_S1,1793844238,U35_S1_A07,saved_rule_reused,1,0,0,0
U35,U35_S1,1793844238,U35_S1_A07,rule_submit,34.0,0,0,0
U35,U35_S1,1793844269,U35_S1_A08,saved_rule_reused,1,0,0,0
U35,U35_S1,1793844269,U35_S1_A08,rule_submit,25.4,0,1,0
U35,U35_S1,1793844300,U35_S1_A09,saved_rule_reused,1,0,0,0
U35,U35_S1,1793844300,U35_S1_A09,rule_submit,26.0,0,1,0
U35,U35_S1,1793844339,U35_S1_A10,rule_submit,33.1,0,0,2
U35,U35_S1,1793844375,U35_S1_A11,saved_rule_reused,1,0,0,0
U35,U35_S1,1793844375,U35_S1_A11,rule_submit,30.7,0,0,0
U35,U35_S1,1793844409,U35_S1_A12,saved_rule_reused,1,0,0,0
U35,U35_S1,1793844409,U35_S1_A12,rule_submit,28.1,0,1,0
U35,U35_S2,1793851236,U35_S2_A01,rule_submit,30.9,1,0,0
U35,U35_S2,1793851270,U35_S2_A02,saved_rule_reused,1,0,0,0
U35,U35_S2,1793851270,U35_S2_A02,rule_submit,28.6,0,1,0
U35,U35_S2,1793851301,U35_S2_A03,rule_submit,25.3,0,0,2
U35,U35_S2,1793851338,U35_S2_A04,rule_submit,32.0,0,0,2
U35,U35_S2,1793851369,U35_S2_A05,saved_rule_reused,1,0,0,0
U35,U35_S2,1793851369,U35_S2_A05,rule_submit,25.6,0,0,2
U35,U35_S2,1793851405,U35_S2_A06,syntax_error,1,0,0,0
U35,U35_S2,1793851405,U35_S2_A06,saved_rule_reused,1,0,0,0
U35,U35_S2,1793851405,U35_S2_A06,rule_submit,30.8,0,1,0
U35,U35_S2,1793851431,U35_S2_A07,rule_submit,20.3,0,0,2
U35,U35_S2,1793851466,U35_S2_A08,saved_rule_reused,1,0,0,0
U35,U35_S2,1793851466,U35_S2_A08,rule_submit,29.7,0,0,2
U35,U35_S2,1793851503,U35_S2_A09,saved_rule_reused,1,0,0,0
U35,U35_S2,1793851503,U35_S2_A09,rule_submit,32.0,0,1,0
U35,U35_S2,1793851527,U35_S2_A10,saved_rule_reused,1,0,0,0
U35,U35_S2,1793851527,U35_S2_A10,rule_submit,18.6,0,0,2
U35,U35_S2,1793851551,U35_S2_A11,saved_rule_reused,1,0,0,0
U35,U35_S2,1793851551,U35_S2_A11,rule_submit,18.1,0,1,0
U35,U35_S2,1793851590,U35_S2_A12,rule_submit,34.0,0,0,2
U35,U35_S3,1793858432,U35_S3_A01,saved_rule_reused,1,0,0,0
U35,U35_S3,1793858432,U35_S3_A01,rule_submit,26.9,0,0,2
U35,U35_S3,1793858463,U35_S3_A02,saved_rule_reused,1,0,0,0
U35,U35_S3,1793858463,U35_S3_A02,rule_submit,26.0,0,1,0
U35,U35_S3,1793858500,U35_S3_A03,saved_rule_reused,1,0,0,0
U35,U35_S3,1793858500,U35_S3_A03,rule_submit,31.6,0,0,0
U35,U35_S3,1793858523,U35_S3_A04,saved_rule_reused,1,0,0,0
U35,U35_S3,1793858523,U35_S3_A04,rule_submit,17.8,0,0,0
U35,U35_S3,1793858562,U35_S3_A05,saved_rule_reused,1,0,0,0
U35,U35_S3,1793858562,U35_S3_A05,rule_submit,33.3,0,0,2
U35,U35_S3,1793858592,U35_S3_A06,rule_submit,24.7,0,1,0
U35,U35_S3,1793858636,U35_S3_A07,saved_rule_reused,1,0,0,0
U35,U35_S3,1793858636,U35_S3_A07,rule_submit,38.5,1,0,0
U35,U35_S3,1793858666,U35_S3_A08,saved_rule_reused,1,0,0,0
U35,U35_S3,1793858666,U35_S3_A08,rule_submit,24.1,0,1,0
U35,U35_S3,1793858697,U35_S3_A09,rule_submit,25.6,0,0,0
U35,U35_S3,1793858730,U35_S3_A10,saved_rule_reused,1,0,0,0
U35,U35_S3,1793858730,U35_S3_A10,rule_submit,28.0,0,0,0
U35,U35_S3,1793858757,U35_S3_A11,saved_rule_reused,1,0,0,0
U35,U35_S3,1793858757,U35_S3_A11,rule_submit,21.5,1,0,0
U35,U35_S3,1793858791,U35_S3_A12,saved_rule_reused,1,0,0,0
U35,U35_S3,1793858791,U35_S3_A12,rule_submit,29.0,0,0,2
U35,U35_S4,1793865633,U35_S4_A01,saved_rule_reused,1,0,0,0
U35,U35_S4,1793865633,U35_S4_A01,rule_submit,27.7,0,0,2
U35,U35_S4,1793865667,U35_S4_A02,saved_rule_reused,1,0,0,0
U35,U35_S4,1793865667,U35_S4_A02,rule_submit,28.6,0,1,0
U35,U35_S4,1793865703,U35_S4_A03,saved_rule_reused,1,0,0,0
U35,U35_S4,1793865703,U35_S4_A03,rule_submit,30.2,1,0,0
U35,U35_S4,1793865736,U35_S4_A04,saved_rule_reused,1,0,0,0
U35,U35_S4,1793865736,U35_S4_A04,rule_submit,27.8,1,0,0
U35,U35_S4,1793865774,U35_S4_A05,saved_rule_reused,1,0,0,0
U35,U35_S4,1793865774,U35_S4_A05,rule_submit,32.6,1,0,0
U35,U35_S4,1793865796,U35_S4_A06,saved_rule_reused,1,0,0,0
U35,U35_S4,1793865796,U35_S4_A06,rule_submit,17.0,0,1,0
U35,U35_S4,1793865827,U35_S4_A07,saved_rule_reused,1,0,0,0
U35,U35_S4,1793865827,U35_S4_A07,rule_submit,25.6,0,0,2
U35,U35_S4,1793865855,U35_S4_A08,rule_submit,22.8,0,1,0
U35,U35_S4,1793865886,U35_S4_A09,saved_rule_reused,1,0,0,0
U35,U35_S4,1793865886,U35_S4_A09,rule_submit,25.7,0,0,2
U35,U35_S4,1793865913,U35_S4_A10,saved_rule_reused,1,0,0,0
U35,U35_S4,1793865913,U35_S4_A10,rule_submit,21.8,1,0,0
U35,U35_S4,1793865944,U35_S4_A11,saved_rule_reused,1,0,0,0
U35,U35_S4,1793865944,U35_S4_A11,rule_submit,25.9,0,0,0
U35,U35_S4,1793865973,U35_S4_A12,saved_rule_reused,1,0,0,0
U35,U35_S4,1793865973,U35_S4_A12,rule_submit,23.6,0,1,0
U36,U36_S1,1793930431,U36_S1_A01,saved_rule_reused,1,0,0,0
U36,U36_S1,1793930431,U36_S1_A01,rule_submit,25.9,0,0,0
U36,U36_S1,1793930460,U36_S1_A02,saved_rule_reused,1,0,0,0
U36,U36_S1,1793930460,U36_S1_A02,rule_submit,24.0,1,0,0
U36,U36_S1,1793930487,U36_S1_A03,saved_rule_reused,1,0,0,0
U36,U36_S1,1793930487,U36_S1_A03,rule_submit,21.5,0,0,2
U36,U36_S1,1793930516,U36_S1_A04,saved_rule_reused,1,0,0,0
U36,U36_S1,1793930516,U36_S1_A04,rule_submit,23.7,0,1,0
U36,U36_S1,1793930549,U36_S1_A05,rule_submit,27.8,0,0,2
U36,U36_S1,1793930575,U36_S1_A06,saved_rule_reused,1,0,0,0
U36,U36_S1,1793930575,U36_S1_A06,rule_submit,21.0,1,0,0
U36,U36_S1,1793930604,U36_S1_A07,saved_rule_reused,1,0,0,0
U36,U36_S1,1793930604,U36_S1_A07,rule_submit,23.9,1,0,0
U36,U36_S1,1793930632,U36_S1_A08,saved_rule_reused,1,0,0,0
U36,U36_S1,1793930632,U36_S1_A08,rule_submit,22.9,1,0,0
U36,U36_S1,1793930658,U36_S1_A09,saved_rule_reused,1,0,0,0
U36,U36_S1,1793930658,U36_S1_A09,rule_submit,20.5,0,1,0
U36,U36_S1,1793930680,U36_S1_A10,saved_rule_reused,1,0,0,0
U36,U36_S1,1793930680,U36_S1_A10,rule_submit,16.8,0,0,2
U36,U36_S1,1793930714,U36_S1_A11,rule_submit,28.5,0,1,0
U36,U36_S1,1793930737,U36_S1_A12,saved_rule_reused,1,0,0,0
U36,U36_S1,1793930737,U36_S1_A12,rule_submit,17.3,0,1,0
U36,U36_S2,1793937626,U36_S2_A01,saved_rule_reused,1,0,0,0
U36,U36_S2,1793937626,U36_S2_A01,rule_submit,20.5,0,1,0
U36,U36_S2,1793937657,U36_S2_A02,saved_rule_reused,1,0,0,0
U36,U36_S2,1793937657,U36_S2_A02,rule_submit,25.9,0,1,0
U36,U36_S2,1793937689,U36_S2_A03,saved_rule_reused,1,0,0,0
U36,U36_S2,1793937689,U36_S2_A03,rule_submit,26.4,0,0,2
U36,U36_S2,1793937725,U36_S2_A04,rule_submit,30.6,0,1,0
U36,U36_S2,1793937757,U36_S2_A05,saved_rule_reused,1,0,0,0
U36,U36_S2,1793937757,U36_S2_A05,rule_submit,26.4,0,0,2
U36,U36_S2,1793937779,U36_S2_A06,rule_submit,16.6,0,0,2
U36,U36_S2,1793937806,U36_S2_A07,saved_rule_reused,1,0,0,0
U36,U36_S2,1793937806,U36_S2_A07,rule_submit,21.9,0,0,2
U36,U36_S2,1793937834,U36_S2_A08,rule_submit,22.7,0,1,0
U36,U36_S2,1793937859,U36_S2_A09,saved_rule_reused,1,0,0,0
U36,U36_S2,1793937859,U36_S2_A09,rule_submit,19.8,1,0,0
U36,U36_S2,1793937889,U36_S2_A10,syntax_error,1,0,0,0
U36,U36_S2,1793937889,U36_S2_A10,rule_submit,24.2,0,0,2
U36,U36_S2,1793937912,U36_S2_A11,rule_submit,17.7,1,0,0
U36,U36_S2,1793937942,U36_S2_A12,saved_rule_reused,1,0,0,0
U36,U36_S2,1793937942,U36_S2_A12,rule_submit,24.4,0,0,2
U36,U36_S3,1793944823,U36_S3_A01,saved_rule_reused,1,0,0,0
U36,U36_S3,1793944823,U36_S3_A01,rule_submit,17.6,0,1,0
U36,U36_S3,1793944855,U36_S3_A02,saved_rule_reused,1,0,0,0
U36,U36_S3,1793944855,U36_S3_A02,rule_submit,26.6,0,0,2
U36,U36_S3,1793944887,U36_S3_A03,saved_rule_reused,1,0,0,0
U36,U36_S3,1793944887,U36_S3_A03,rule_submit,26.1,0,1,0
U36,U36_S3,1793944911,U36_S3_A04,saved_rule_reused,1,0,0,0
U36,U36_S3,1793944911,U36_S3_A04,rule_submit,18.3,0,1,0
U36,U36_S3,1793944938,U36_S3_A05,saved_rule_reused,1,0,0,0
U36,U36_S3,1793944938,U36_S3_A05,rule_submit,21.5,0,1,0
U36,U36_S3,1793944962,U36_S3_A06,rule_submit,18.7,0,0,2
U36,U36_S3,1793944992,U36_S3_A07,saved_rule_reused,1,0,0,0
U36,U36_S3,1793944992,U36_S3_A07,rule_submit,25.0,0,0,2
U36,U36_S3,1793945014,U36_S3_A08,rule_submit,16.9,0,0,2
U36,U36_S3,1793945049,U36_S3_A09,saved_rule_reused,1,0,0,0
U36,U36_S3,1793945049,U36_S3_A09,rule_submit,29.9,0,0,2
U36,U36_S3,1793945071,U36_S3_A10,saved_rule_reused,1,0,0,0
U36,U36_S3,1793945071,U36_S3_A10,rule_submit,16.2,0,1,0
U36,U36_S3,1793945106,U36_S3_A11,saved_rule_reused,1,0,0,0
U36,U36_S3,1793945106,U36_S3_A11,rule_submit,29.6,0,0,2
U36,U36_S3,1793945136,U36_S3_A12,saved_rule_reused,1,0,0,0
U36,U36_S3,1793945136,U36_S3_A12,rule_submit,24.2,0,1,0
U36,U36_S4,1793952030,U36_S4_A01,saved_rule_reused,1,0,0,0
U36,U36_S4,1793952030,U36_S4_A01,rule_submit,24.7,1,0,0
U36,U36_S4,1793952054,U36_S4_A02,rule_submit,18.1,1,0,0
U36,U36_S4,1793952078,U36_S4_A03,rule_submit,18.7,0,0,0
U36,U36_S4,1793952104,U36_S4_A04,rule_submit,20.8,1,0,0
U36,U36_S4,1793952129,U36_S4_A05,saved_rule_reused,1,0,0,0
U36,U36_S4,1793952129,U36_S4_A05,rule_submit,19.9,0,1,0
U36,U36_S4,1793952159,U36_S4_A06,rule_submit,24.3,1,0,0
U36,U36_S4,1793952186,U36_S4_A07,saved_rule_reused,1,0,0,0
U36,U36_S4,1793952186,U36_S4_A07,rule_submit,21.1,1,0,0
U36,U36_S4,1793952213,U36_S4_A08,saved_rule_reused,1,0,0,0
U36,U36_S4,1793952213,U36_S4_A08,rule_submit,21.7,0,0,2
U36,U36_S4,1793952239,U36_S4_A09,rule_submit,20.7,0,1,0
U36,U36_S4,1793952264,U36_S4_A10,rule_submit,19.4,0,0,2
U36,U36_S4,1793952291,U36_S4_A11,saved_rule_reused,1,0,0,0
U36,U36_S4,1793952291,U36_S4_A11,rule_submit,22.0,0,0,2
U36,U36_S4,1793952314,U36_S4_A12,saved_rule_reused,1,0,0,0
U36,U36_S4,1793952314,U36_S4_A12,rule_submit,18.0,0,0,2
